Team,Group,Squad Number,Position,Player,Date Of Birth,Age,Caps,Goals,Club,Player Count,Index Field
Egypt,A,1,GK,Essam El-Hadary (captain),1/15/1973,45,157,0,Al-Taawoun,1,Egypt1GK26679
Egypt,A,2,DF,Ali Gabr,1/1/1989,29,20,1,West Bromwich Albion,1,Egypt2DF32509
Egypt,A,3,DF,Ahmed Elmohamady,9/9/1987,30,77,2,Aston Villa,1,Egypt3DF32029
Egypt,A,4,MF,Omar Gaber,1/30/1992,26,23,0,Los Angeles FC,1,Egypt4MF33633
Egypt,A,5,MF,Sam Morsy,9/10/1991,26,4,0,Wigan Athletic,1,Egypt5MF33491
Egypt,A,6,DF,Ahmed Hegazi,1/25/1991,27,44,1,West Bromwich Albion,1,Egypt6DF33263
Egypt,A,7,DF,Ahmed Fathy,11/10/1984,33,125,3,Al Ahly,1,Egypt7DF30996
Egypt,A,8,MF,Tarek Hamed,10/24/1988,29,20,0,Zamalek,1,Egypt8MF32440
Egypt,A,9,FW,Marwan Mohsen,2/26/1989,29,23,4,Al Ahly,1,Egypt9FW32565
Egypt,A,10,FW,Mohamed Salah,6/15/1992,25,57,33,Liverpool,1,Egypt10FW33770
Egypt,A,11,FW,Kahraba,4/13/1994,24,18,3,Al-Ittihad,1,Egypt11FW34437
Egypt,A,12,DF,Ayman Ashraf,4/9/1991,27,4,0,Al Ahly,1,Egypt12DF33337
Egypt,A,13,DF,Mohamed Abdel-Shafy,7/1/1985,32,50,1,Al-Fateh,1,Egypt13DF31229
Egypt,A,14,FW,Ramadan Sobhi,1/23/1997,21,22,1,Stoke City,1,Egypt14FW35453
Egypt,A,15,DF,Mahmoud Hamdy,6/1/1995,23,0,0,Zamalek,1,Egypt15DF34851
Egypt,A,16,GK,Sherif Ekramy,7/10/1983,34,22,0,Al Ahly,1,Egypt16GK30507
Egypt,A,17,MF,Mohamed Elneny,7/11/1992,25,60,5,Arsenal,1,Egypt17MF33796
Egypt,A,18,FW,Shikabala,3/5/1986,32,29,2,Al-Raed,1,Egypt18FW31476
Egypt,A,19,MF,Abdallah Said,7/13/1985,32,35,6,KuPS,1,Egypt19MF31241
Egypt,A,20,DF,Saad Samir,4/1/1989,29,11,0,Al Ahly,1,Egypt20DF32599
Egypt,A,21,MF,Trézéguet,10/1/1994,23,23,2,Kas?mpa?a,1,Egypt21MF34608
Egypt,A,22,FW,Amr Warda,9/17/1993,24,15,0,Atromitos,1,Egypt22FW34229
Egypt,A,23,GK,Mohamed El-Shenawy,12/18/1988,29,2,0,Al Ahly,1,Egypt23GK32495
Russia,A,1,GK,Igor Akinfeev (captain),4/8/1986,32,105,0,CSKA Moscow,1,Russia1GK31510
Russia,A,2,DF,Mário Fernandes,9/19/1990,27,4,0,CSKA Moscow,1,Russia2DF33135
Russia,A,3,DF,Ilya Kutepov,7/29/1993,24,6,0,Spartak Moscow,1,Russia3DF34179
Russia,A,4,DF,Sergei Ignashevich,7/14/1979,38,121,8,CSKA Moscow,1,Russia4DF29050
Russia,A,5,DF,Andrei Semyonov,3/24/1989,29,6,0,Akhmat Grozny,1,Russia5DF32591
Russia,A,6,MF,Denis Cheryshev,12/26/1990,27,11,0,Villarreal,1,Russia6MF33233
Russia,A,7,MF,Daler Kuzyayev,1/15/1993,25,5,0,Zenit Saint Petersburg,1,Russia7MF33984
Russia,A,8,MF,Yury Gazinsky,7/20/1989,28,5,0,Krasnodar,1,Russia8MF32709
Russia,A,9,MF,Alan Dzagoev,6/17/1990,27,56,9,CSKA Moscow,1,Russia9MF33041
Russia,A,10,FW,Fyodor Smolov,2/9/1990,28,31,12,Krasnodar,1,Russia10FW32913
Russia,A,11,MF,Roman Zobnin,2/11/1994,24,11,0,Spartak Moscow,1,Russia11MF34376
Russia,A,12,GK,Andrey Lunyov,11/13/1991,26,3,0,Zenit Saint Petersburg,1,Russia12GK33555
Russia,A,13,DF,Fyodor Kudryashov,4/5/1987,31,18,0,Rubin Kazan,1,Russia13DF31872
Russia,A,14,DF,Vladimir Granat,5/22/1987,31,12,1,Rubin Kazan,1,Russia14DF31919
Russia,A,15,MF,Aleksei Miranchuk,10/17/1995,22,17,4,Lokomotiv Moscow,1,Russia15MF34989
Russia,A,16,MF,Anton Miranchuk,10/17/1995,22,5,0,Lokomotiv Moscow,1,Russia16MF34989
Russia,A,17,MF,Aleksandr Golovin,5/30/1996,22,18,2,CSKA Moscow,1,Russia17MF35215
Russia,A,18,MF,Yuri Zhirkov,8/20/1983,34,83,2,Zenit Saint Petersburg,1,Russia18MF30548
Russia,A,19,MF,Aleksandr Samedov,7/19/1984,33,47,6,Spartak Moscow,1,Russia19MF30882
Russia,A,20,GK,Vladimir Gabulov,10/19/1983,34,10,0,Club Brugge,1,Russia20GK30608
Russia,A,21,MF,Aleksandr Yerokhin,10/13/1989,28,17,0,Zenit Saint Petersburg,1,Russia21MF32794
Russia,A,22,FW,Artem Dzyuba,8/22/1988,29,23,11,Arsenal Tula,1,Russia22FW32377
Russia,A,23,DF,Igor Smolnikov,8/8/1988,29,26,0,Zenit Saint Petersburg,1,Russia23DF32363
Saudi Arabia,A,1,GK,Abdullah Al-Mayouf,1/23/1987,31,10,0,Al-Hilal,1,Saudi Arabia1GK31800
Saudi Arabia,A,2,DF,Mansoor Al-Harbi,10/19/1987,30,39,1,Al-Ahli,1,Saudi Arabia2DF32069
Saudi Arabia,A,3,DF,Osama Hawsawi (captain),3/31/1984,34,134,7,Al-Hilal,1,Saudi Arabia3DF30772
Saudi Arabia,A,4,DF,Ali Al-Bulaihi,11/21/1989,28,3,0,Al-Hilal,1,Saudi Arabia4DF32833
Saudi Arabia,A,5,DF,Omar Hawsawi,9/27/1985,32,41,3,Al-Nassr,1,Saudi Arabia5DF31317
Saudi Arabia,A,6,DF,Mohammed Al-Breik,9/15/1992,25,10,1,Al-Hilal,1,Saudi Arabia6DF33862
Saudi Arabia,A,7,MF,Salman Al-Faraj,8/1/1989,28,42,3,Al-Hilal,1,Saudi Arabia7MF32721
Saudi Arabia,A,8,MF,Yahya Al-Shehri,6/26/1990,27,56,8,Leganés,1,Saudi Arabia8MF33050
Saudi Arabia,A,9,MF,Hattan Bahebri,7/16/1992,25,4,0,Al-Shabab,1,Saudi Arabia9MF33801
Saudi Arabia,A,10,FW,Mohammad Al-Sahlawi,1/10/1987,31,39,28,Al-Nassr,1,Saudi Arabia10FW31787
Saudi Arabia,A,11,MF,Abdulmalek Al-Khaibri,3/13/1986,32,36,0,Al-Hilal,1,Saudi Arabia11MF31484
Saudi Arabia,A,12,MF,Mohamed Kanno,9/22/1994,23,6,1,Al-Hilal,1,Saudi Arabia12MF34599
Saudi Arabia,A,13,DF,Yasser Al-Shahrani,5/25/1992,26,36,0,Al-Hilal,1,Saudi Arabia13DF33749
Saudi Arabia,A,14,MF,Abdullah Otayf,8/3/1992,25,15,1,Al-Hilal,1,Saudi Arabia14MF33819
Saudi Arabia,A,15,MF,Abdullah Al-Khaibari,8/16/1996,21,4,0,Al-Shabab,1,Saudi Arabia15MF35293
Saudi Arabia,A,16,MF,Housain Al-Mogahwi,3/24/1988,30,17,1,Al-Ahli,1,Saudi Arabia16MF32226
Saudi Arabia,A,17,MF,Taisir Al-Jassim,7/25/1984,33,131,18,Al-Ahli,1,Saudi Arabia17MF30888
Saudi Arabia,A,18,MF,Salem Al-Dawsari,8/19/1991,26,32,4,Villarreal,1,Saudi Arabia18MF33469
Saudi Arabia,A,19,FW,Fahad Al-Muwallad,9/14/1994,23,44,10,Levante,1,Saudi Arabia19FW34591
Saudi Arabia,A,20,FW,Muhannad Assiri,10/14/1986,31,18,4,Al-Ahli,1,Saudi Arabia20FW31699
Saudi Arabia,A,21,GK,Yasser Al-Mosailem,2/27/1984,34,32,0,Al-Ahli,1,Saudi Arabia21GK30739
Saudi Arabia,A,22,GK,Mohammed Al-Owais,10/10/1991,26,6,0,Al-Ahli,1,Saudi Arabia22GK33521
Saudi Arabia,A,23,DF,Motaz Hawsawi,2/17/1992,26,17,0,Al-Ahli,1,Saudi Arabia23DF33651
Uruguay,A,1,GK,Fernando Muslera,6/16/1986,31,96,0,Galatasaray,1,Uruguay1GK31579
Uruguay,A,2,DF,José Giménez,1/20/1995,23,41,4,Atlético Madrid,1,Uruguay2DF34719
Uruguay,A,3,DF,Diego Godín (captain),2/16/1986,32,115,8,Atlético Madrid,1,Uruguay3DF31459
Uruguay,A,4,DF,Guillermo Varela,3/24/1993,25,3,0,Peñarol,1,Uruguay4DF34052
Uruguay,A,5,MF,Carlos Sánchez,12/2/1984,33,35,1,Monterrey,1,Uruguay5MF31018
Uruguay,A,6,MF,Rodrigo Bentancur,6/25/1997,20,6,0,Juventus,1,Uruguay6MF35606
Uruguay,A,7,MF,Cristian Rodríguez,9/30/1985,32,104,11,Peñarol,1,Uruguay7MF31320
Uruguay,A,8,MF,Nahitan Nández,12/28/1995,22,11,0,Boca Juniors,1,Uruguay8MF35061
Uruguay,A,9,FW,Luis Suárez,1/24/1987,31,97,50,Barcelona,1,Uruguay9FW31801
Uruguay,A,10,FW,Giorgian De Arrascaeta,6/1/1994,24,13,1,Cruzeiro,1,Uruguay10FW34486
Uruguay,A,11,FW,Cristhian Stuani,10/12/1986,31,40,5,Girona,1,Uruguay11FW31697
Uruguay,A,12,GK,Martín Campaña,5/29/1989,29,1,0,Independiente,1,Uruguay12GK32657
Uruguay,A,13,DF,Gastón Silva,3/5/1994,24,17,0,Independiente,1,Uruguay13DF34398
Uruguay,A,14,MF,Lucas Torreira,2/11/1996,22,2,0,Sampdoria,1,Uruguay14MF35106
Uruguay,A,15,MF,Matías Vecino,8/24/1991,26,21,1,Inter Milan,1,Uruguay15MF33474
Uruguay,A,16,DF,Maxi Pereira,6/8/1984,33,124,3,Porto,1,Uruguay16DF30841
Uruguay,A,17,MF,Diego Laxalt,2/7/1993,25,5,0,Genoa,1,Uruguay17MF34007
Uruguay,A,18,FW,Maxi Gómez,8/14/1996,21,4,0,Celta Vigo,1,Uruguay18FW35291
Uruguay,A,19,DF,Sebastián Coates,10/7/1990,27,30,1,Sporting CP,1,Uruguay19DF33153
Uruguay,A,20,FW,Jonathan Urretaviscaya,3/19/1990,28,4,0,Monterrey,1,Uruguay20FW32951
Uruguay,A,21,FW,Edinson Cavani,2/14/1987,31,100,42,Paris Saint-Germain,1,Uruguay21FW31822
Uruguay,A,22,DF,Martín Cáceres,4/7/1987,31,75,4,Lazio,1,Uruguay22DF31874
Uruguay,A,23,GK,Martín Silva,3/25/1983,35,11,0,Vasco da Gama,1,Uruguay23GK30400
Iran,B,1,GK,Alireza Beiranvand,9/21/1992,25,21,0,Persepolis,1,Iran1GK33868
Iran,B,2,MF,Mehdi Torabi,9/10/1994,23,16,4,Saipa,1,Iran2MF34587
Iran,B,3,DF,Ehsan Hajsafi,2/25/1990,28,93,6,Olympiacos,1,Iran3DF32929
Iran,B,4,DF,Rouzbeh Cheshmi,7/24/1993,24,9,1,Esteghlal,1,Iran4DF34174
Iran,B,5,DF,Milad Mohammadi,9/29/1993,24,18,0,Akhmat Grozny,1,Iran5DF34241
Iran,B,6,MF,Saeid Ezatolahi,10/1/1996,21,25,1,Amkar Perm,1,Iran6MF35339
Iran,B,7,MF,Masoud Shojaei (captain),6/9/1984,33,73,8,AEK Athens,1,Iran7MF30842
Iran,B,8,DF,Morteza Pouraliganji,4/19/1992,26,26,2,Al-Sadd,1,Iran8DF33713
Iran,B,9,MF,Omid Ebrahimi,9/16/1987,30,29,0,Esteghlal,1,Iran9MF32036
Iran,B,10,FW,Karim Ansarifard,4/3/1990,28,63,16,Olympiacos,1,Iran10FW32966
Iran,B,11,MF,Vahid Amiri,4/2/1988,30,35,1,Persepolis,1,Iran11MF32235
Iran,B,12,GK,Mohammad Rashid Mazaheri,5/18/1989,29,3,0,Zob Ahan Esfahan,1,Iran12GK32646
Iran,B,13,DF,Mohammad Reza Khanzadeh,5/11/1991,27,11,1,Padideh,1,Iran13DF33369
Iran,B,14,FW,Saman Ghoddos,9/6/1993,24,7,1,Östersund,1,Iran14FW34218
Iran,B,15,DF,Pejman Montazeri,9/6/1983,34,46,1,Esteghlal,1,Iran15DF30565
Iran,B,16,FW,Reza Ghoochannejhad,9/20/1987,30,42,17,Heerenveen,1,Iran16FW32040
Iran,B,17,FW,Mehdi Taremi,7/18/1992,25,25,11,Al-Gharafa,1,Iran17FW33803
Iran,B,18,FW,Alireza Jahanbakhsh,8/11/1993,24,37,4,AZ,1,Iran18FW34192
Iran,B,19,DF,Majid Hosseini,6/20/1996,21,1,0,Esteghlal,1,Iran19DF35236
Iran,B,20,FW,Sardar Azmoun,1/1/1995,23,32,23,Rubin Kazan,1,Iran20FW34700
Iran,B,21,FW,Ashkan Dejagah,7/5/1986,31,45,9,Nottingham Forest,1,Iran21FW31598
Iran,B,22,GK,Amir Abedzadeh,4/26/1993,25,1,0,Marítimo,1,Iran22GK34085
Iran,B,23,DF,Ramin Rezaeian,3/21/1990,28,27,2,Oostende,1,Iran23DF32953
Morocco,B,1,GK,Yassine Bounou,4/5/1991,27,11,0,Girona,1,Morocco1GK33333
Morocco,B,2,DF,Achraf Hakimi,11/4/1998,19,9,1,Real Madrid,1,Morocco2DF36103
Morocco,B,3,DF,Hamza Mendyl,10/21/1997,20,13,0,Lille,1,Morocco3DF35724
Morocco,B,4,DF,Manuel da Costa,5/6/1986,32,27,1,?stanbul Ba?ak?ehir,1,Morocco4DF31538
Morocco,B,5,DF,Medhi Benatia (captain),4/17/1987,31,56,2,Juventus,1,Morocco5DF31884
Morocco,B,6,DF,Romain Saïss,3/26/1990,28,23,1,Wolverhampton Wanderers,1,Morocco6DF32958
Morocco,B,7,MF,Hakim Ziyech,3/19/1993,25,17,8,Ajax,1,Morocco7MF34047
Morocco,B,8,MF,Karim El Ahmadi,1/27/1985,33,50,1,Feyenoord,1,Morocco8MF31074
Morocco,B,9,FW,Ayoub El Kaabi,6/25/1993,24,9,11,RS Berkane,1,Morocco9FW34145
Morocco,B,10,MF,Younès Belhanda,2/25/1990,28,46,4,Galatasaray,1,Morocco10MF32929
Morocco,B,11,MF,Fayçal Fajr,8/1/1988,29,23,2,Getafe,1,Morocco11MF32356
Morocco,B,12,GK,Munir Mohamedi,5/10/1989,29,26,0,Numancia,1,Morocco12GK32638
Morocco,B,13,FW,Khalid Boutaïb,4/24/1987,31,17,7,Yeni Malatyaspor,1,Morocco13FW31891
Morocco,B,14,MF,Mbark Boussoufa,8/15/1984,33,58,7,Al-Jazira,1,Morocco14MF30909
Morocco,B,15,MF,Youssef Aït Bennasser,7/7/1996,21,13,0,Caen,1,Morocco15MF35253
Morocco,B,16,MF,Nordin Amrabat,3/31/1987,31,43,4,Leganés,1,Morocco16MF31867
Morocco,B,17,DF,Nabil Dirar,2/25/1986,32,34,3,Fenerbahçe,1,Morocco17DF31468
Morocco,B,18,MF,Amine Harit,6/18/1997,20,5,0,Schalke 04,1,Morocco18MF35599
Morocco,B,19,FW,Youssef En-Nesyri,6/1/1997,21,15,1,Málaga,1,Morocco19FW35582
Morocco,B,20,FW,Aziz Bouhaddouz,3/30/1987,31,14,3,FC St. Pauli,1,Morocco20FW31866
Morocco,B,21,MF,Sofyan Amrabat,8/21/1996,21,5,0,Feyenoord,1,Morocco21MF35298
Morocco,B,22,GK,Ahmed Reda Tagnaouti,4/5/1996,22,2,0,IR Tanger,1,Morocco22GK35160
Morocco,B,23,MF,Mehdi Carcela,7/1/1989,28,20,1,Standard Liège,1,Morocco23MF32690
Portugal,B,1,GK,Rui Patrício,2/15/1988,30,68,0,Sporting CP,1,Portugal1GK32188
Portugal,B,2,DF,Bruno Alves,11/27/1981,36,95,11,Rangers,1,Portugal2DF29917
Portugal,B,3,DF,Pepe,2/26/1983,35,94,5,Be?ikta?,1,Portugal3DF30373
Portugal,B,4,MF,Manuel Fernandes,2/5/1986,32,14,3,Lokomotiv Moscow,1,Portugal4MF31448
Portugal,B,5,DF,Raphaël Guerreiro,12/22/1993,24,23,2,Borussia Dortmund,1,Portugal5DF34325
Portugal,B,6,DF,José Fonte,12/22/1983,34,30,0,Dalian Yifang,1,Portugal6DF30672
Portugal,B,7,FW,Cristiano Ronaldo (captain),2/5/1985,33,149,81,Real Madrid,1,Portugal7FW31083
Portugal,B,8,MF,João Moutinho,9/8/1986,31,109,7,Monaco,1,Portugal8MF31663
Portugal,B,9,FW,André Silva,11/6/1995,22,22,12,Milan,1,Portugal9FW35009
Portugal,B,10,MF,João Mário,1/19/1993,25,35,2,West Ham United,1,Portugal10MF33988
Portugal,B,11,MF,Bernardo Silva,8/10/1994,23,24,2,Manchester City,1,Portugal11MF34556
Portugal,B,12,GK,Anthony Lopes,10/1/1990,27,7,0,Lyon,1,Portugal12GK33147
Portugal,B,13,DF,Rúben Dias,5/14/1997,21,1,0,Benfica,1,Portugal13DF35564
Portugal,B,14,MF,William Carvalho,4/7/1992,26,42,2,Sporting CP,1,Portugal14MF33701
Portugal,B,15,DF,Ricardo Pereira,10/6/1993,24,4,0,Porto,1,Portugal15DF34248
Portugal,B,16,MF,Bruno Fernandes,9/8/1994,23,5,0,Sporting CP,1,Portugal16MF34585
Portugal,B,17,FW,Gonçalo Guedes,11/29/1996,21,9,1,Valencia,1,Portugal17FW35398
Portugal,B,18,FW,Gelson Martins,5/11/1995,23,18,0,Sporting CP,1,Portugal18FW34830
Portugal,B,19,DF,Mário Rui,5/27/1991,27,3,0,Napoli,1,Portugal19DF33385
Portugal,B,20,FW,Ricardo Quaresma,9/26/1983,34,76,9,Be?ikta?,1,Portugal20FW30585
Portugal,B,21,DF,Cédric,8/31/1991,26,28,1,Southampton,1,Portugal21DF33481
Portugal,B,22,GK,Beto,5/1/1982,36,14,0,Göztepe,1,Portugal22GK30072
Portugal,B,23,MF,Adrien Silva,3/15/1989,29,22,1,Leicester City,1,Portugal23MF32582
Spain,B,1,GK,David de Gea,11/7/1990,27,28,0,Manchester United,1,Spain1GK33184
Spain,B,2,DF,Dani Carvajal,1/11/1992,26,15,0,Real Madrid,1,Spain2DF33614
Spain,B,3,DF,Gerard Piqué,2/2/1987,31,97,5,Barcelona,1,Spain3DF31810
Spain,B,4,DF,Nacho,1/18/1990,28,16,0,Real Madrid,1,Spain4DF32891
Spain,B,5,MF,Sergio Busquets,7/16/1988,29,102,2,Barcelona,1,Spain5MF32340
Spain,B,6,MF,Andrés Iniesta,5/11/1984,34,126,14,Barcelona,1,Spain6MF30813
Spain,B,7,MF,Saúl,11/21/1994,23,10,0,Atlético Madrid,1,Spain7MF34659
Spain,B,8,MF,Koke,1/8/1992,26,39,0,Atlético Madrid,1,Spain8MF33611
Spain,B,9,FW,Rodrigo,3/6/1991,27,5,2,Valencia,1,Spain9FW33303
Spain,B,10,MF,Thiago,4/11/1991,27,28,2,Bayern Munich,1,Spain10MF33339
Spain,B,11,FW,Lucas Vázquez,7/1/1991,26,6,0,Real Madrid,1,Spain11FW33420
Spain,B,12,DF,Álvaro Odriozola,12/14/1995,22,3,1,Real Sociedad,1,Spain12DF35047
Spain,B,13,GK,Kepa Arrizabalaga,10/3/1994,23,1,0,Athletic Bilbao,1,Spain13GK34610
Spain,B,14,DF,César Azpilicueta,8/28/1989,28,22,0,Chelsea,1,Spain14DF32748
Spain,B,15,DF,Sergio Ramos (captain),3/30/1986,32,151,13,Real Madrid,1,Spain15DF31501
Spain,B,16,DF,Nacho Monreal,2/26/1986,32,22,1,Arsenal,1,Spain16DF31469
Spain,B,17,FW,Iago Aspas,8/1/1987,30,9,4,Celta Vigo,1,Spain17FW31990
Spain,B,18,DF,Jordi Alba,3/21/1989,29,61,8,Barcelona,1,Spain18DF32588
Spain,B,19,FW,Diego Costa,10/7/1988,29,19,7,Atlético Madrid,1,Spain19FW32423
Spain,B,20,MF,Marco Asensio,1/21/1996,22,11,0,Real Madrid,1,Spain20MF35085
Spain,B,21,FW,David Silva,1/8/1986,32,120,35,Manchester City,1,Spain21FW31420
Spain,B,22,MF,Isco,4/21/1992,26,27,10,Real Madrid,1,Spain22MF33715
Spain,B,23,GK,Pepe Reina,8/31/1982,35,36,0,Napoli,1,Spain23GK30194
Australia,C,1,GK,Mathew Ryan,4/8/1992,26,43,0,Brighton & Hove Albion,1,Australia1GK33702
Australia,C,2,DF,Milos Degenek,4/28/1994,24,18,0,Yokohama F. Marinos,1,Australia2DF34452
Australia,C,3,DF,James Meredith,4/5/1988,30,2,0,Millwall,1,Australia3DF32238
Australia,C,4,FW,Tim Cahill,12/6/1979,38,105,50,Millwall,1,Australia4FW29195
Australia,C,5,DF,Mark Milligan,8/4/1985,32,70,6,Al-Ahli,1,Australia5DF31263
Australia,C,6,DF,Matthew Jurman,12/8/1989,28,4,0,Suwon Samsung Bluewings,1,Australia6DF32850
Australia,C,7,FW,Mathew Leckie,2/4/1991,27,52,8,Hertha BSC,1,Australia7FW33273
Australia,C,8,MF,Massimo Luongo,9/25/1992,25,35,5,Queens Park Rangers,1,Australia8MF33872
Australia,C,9,FW,Tomi Juric,7/22/1991,26,34,8,Luzern,1,Australia9FW33441
Australia,C,10,FW,Robbie Kruse,10/5/1988,29,63,5,VfL Bochum,1,Australia10FW32421
Australia,C,11,FW,Andrew Nabbout,12/17/1992,25,3,1,Urawa Red Diamonds,1,Australia11FW33955
Australia,C,12,GK,Brad Jones,3/19/1982,36,5,0,Feyenoord,1,Australia12GK30029
Australia,C,13,MF,Aaron Mooy,9/15/1990,27,33,5,Huddersfield Town,1,Australia13MF33131
Australia,C,14,FW,Jamie Maclaren,7/29/1993,24,6,0,Hibernian,1,Australia14FW34179
Australia,C,15,MF,Mile Jedinak (captain),8/3/1984,33,75,18,Aston Villa,1,Australia15MF30897
Australia,C,16,DF,Aziz Behich,12/16/1990,27,22,2,Bursaspor,1,Australia16DF33223
Australia,C,17,FW,Daniel Arzani,1/4/1999,19,1,0,Melbourne City,1,Australia17FW36164
Australia,C,18,GK,Danny Vukovic,3/27/1985,33,1,0,Genk,1,Australia18GK31133
Australia,C,19,DF,Josh Risdon,7/27/1992,25,7,0,Western Sydney Wanderers,1,Australia19DF33812
Australia,C,20,DF,Trent Sainsbury,1/5/1992,26,34,3,Grasshoppers,1,Australia20DF33608
Australia,C,21,FW,Dimitri Petratos,11/10/1992,25,2,0,Newcastle Jets,1,Australia21FW33918
Australia,C,22,MF,Jackson Irvine,3/7/1993,25,18,2,Hull City,1,Australia22MF34035
Australia,C,23,MF,Tom Rogic,12/16/1992,25,36,7,Celtic,1,Australia23MF33954
Denmark,C,1,GK,Kasper Schmeichel,11/5/1986,31,34,0,Leicester City,1,Denmark1GK31721
Denmark,C,2,MF,Michael Krohn-Dehli,6/6/1983,34,58,6,Deportivo La Coruña,1,Denmark2MF30473
Denmark,C,3,DF,Jannik Vestergaard,8/3/1992,25,16,1,Borussia Mönchengladbach,1,Denmark3DF33819
Denmark,C,4,DF,Simon Kjær (captain),3/26/1989,29,77,3,Sevilla,1,Denmark4DF32593
Denmark,C,5,DF,Jonas Knudsen,9/16/1992,25,3,0,Ipswich Town,1,Denmark5DF33863
Denmark,C,6,DF,Andreas Christensen,4/10/1996,22,15,1,Chelsea,1,Denmark6DF35165
Denmark,C,7,MF,William Kvist,2/24/1985,33,79,2,Copenhagen,1,Denmark7MF31102
Denmark,C,8,MF,Thomas Delaney,9/3/1991,26,26,4,Werder Bremen,1,Denmark8MF33484
Denmark,C,9,FW,Nicolai Jørgensen,1/15/1991,27,30,8,Feyenoord,1,Denmark9FW33253
Denmark,C,10,MF,Christian Eriksen,2/14/1992,26,77,21,Tottenham Hotspur,1,Denmark10MF33648
Denmark,C,11,FW,Martin Braithwaite,6/5/1991,27,19,1,Bordeaux,1,Denmark11FW33394
Denmark,C,12,FW,Kasper Dolberg,10/6/1997,20,5,1,Ajax,1,Denmark12FW35709
Denmark,C,13,DF,Mathias Jørgensen,4/23/1990,28,12,0,Huddersfield Town,1,Denmark13DF32986
Denmark,C,14,DF,Henrik Dalsgaard,7/27/1989,28,10,0,Brentford,1,Denmark14DF32716
Denmark,C,15,FW,Viktor Fischer,6/9/1994,23,18,3,Copenhagen,1,Denmark15FW34494
Denmark,C,16,GK,Jonas Lössl,2/1/1989,29,1,0,Huddersfield Town,1,Denmark16GK32540
Denmark,C,17,DF,Jens Stryger Larsen,2/21/1991,27,12,1,Udinese,1,Denmark17DF33290
Denmark,C,18,MF,Lukas Lerager,7/12/1993,24,3,0,Bordeaux,1,Denmark18MF34162
Denmark,C,19,MF,Lasse Schöne,5/27/1986,32,35,3,Ajax,1,Denmark19MF31559
Denmark,C,20,FW,Yussuf Poulsen,6/15/1994,23,27,3,RB Leipzig,1,Denmark20FW34500
Denmark,C,21,FW,Andreas Cornelius,3/16/1993,25,18,4,Atalanta,1,Denmark21FW34044
Denmark,C,22,GK,Frederik Rønnow,8/4/1992,25,6,0,Brøndby,1,Denmark22GK33820
Denmark,C,23,FW,Pione Sisto,2/4/1995,23,13,1,Celta Vigo,1,Denmark23FW34734
France,C,1,GK,Hugo Lloris (captain),12/26/1986,31,97,0,Tottenham Hotspur,1,France1GK31772
France,C,2,DF,Benjamin Pavard,3/28/1996,22,5,0,VfB Stuttgart,1,France2DF35152
France,C,3,DF,Presnel Kimpembe,8/13/1995,22,2,0,Paris Saint-Germain,1,France3DF34924
France,C,4,DF,Raphaël Varane,4/25/1993,25,41,2,Real Madrid,1,France4DF34084
France,C,5,DF,Samuel Umtiti,11/14/1993,24,18,2,Barcelona,1,France5DF34287
France,C,6,MF,Paul Pogba,3/15/1993,25,53,9,Manchester United,1,France6MF34043
France,C,7,FW,Antoine Griezmann,3/21/1991,27,53,20,Atlético Madrid,1,France7FW33318
France,C,8,FW,Thomas Lemar,11/12/1995,22,11,3,Monaco,1,France8FW35015
France,C,9,FW,Olivier Giroud,9/30/1986,31,73,31,Chelsea,1,France9FW31685
France,C,10,FW,Kylian Mbappé,12/20/1998,19,14,3,Paris Saint-Germain,1,France10FW36149
France,C,11,FW,Ousmane Dembélé,5/15/1997,21,11,2,Barcelona,1,France11FW35565
France,C,12,MF,Corentin Tolisso,8/3/1994,23,8,0,Bayern Munich,1,France12MF34549
France,C,13,MF,N'Golo Kanté,3/29/1991,27,23,1,Chelsea,1,France13MF33326
France,C,14,MF,Blaise Matuidi,4/9/1987,31,66,9,Juventus,1,France14MF31876
France,C,15,MF,Steven Nzonzi,12/15/1988,29,4,0,Sevilla,1,France15MF32492
France,C,16,GK,Steve Mandanda,3/28/1985,33,27,0,Marseille,1,France16GK31134
France,C,17,DF,Adil Rami,12/27/1985,32,35,1,Marseille,1,France17DF31408
France,C,18,FW,Nabil Fekir,7/18/1993,24,11,2,Lyon,1,France18FW34168
France,C,19,DF,Djibril Sidibé,7/29/1992,25,16,1,Monaco,1,France19DF33814
France,C,20,FW,Florian Thauvin,1/26/1993,25,4,0,Marseille,1,France20FW33995
France,C,21,DF,Lucas Hernández,2/14/1996,22,4,0,Atlético Madrid,1,France21DF35109
France,C,22,DF,Benjamin Mendy,7/17/1994,23,6,0,Manchester City,1,France22DF34532
France,C,23,GK,Alphonse Areola,2/27/1993,25,0,0,Paris Saint-Germain,1,France23GK34027
Peru,C,1,GK,Pedro Gallese,2/23/1990,28,37,0,Veracruz,1,Peru1GK32927
Peru,C,2,DF,Alberto Rodríguez,3/31/1984,34,58,0,Atlético Junior,1,Peru2DF30772
Peru,C,3,DF,Aldo Corzo,5/20/1989,29,25,0,Universitario,1,Peru3DF32648
Peru,C,4,DF,Anderson Santamaría,1/10/1992,26,3,0,Puebla,1,Peru4DF33613
Peru,C,5,DF,Miguel Araujo,10/24/1994,23,7,0,Alianza Lima,1,Peru5DF34631
Peru,C,6,DF,Miguel Trauco,8/25/1992,25,26,0,Flamengo,1,Peru6DF33841
Peru,C,7,MF,Paolo Hurtado,7/27/1990,27,31,3,Vitória de Guimarães,1,Peru7MF33081
Peru,C,8,MF,Christian Cueva,11/23/1991,26,43,8,São Paulo,1,Peru8MF33565
Peru,C,9,FW,Paolo Guerrero (captain),1/1/1984,34,87,34,Flamengo,1,Peru9FW30682
Peru,C,10,FW,Jefferson Farfán,10/26/1984,33,83,25,Lokomotiv Moscow,1,Peru10FW30981
Peru,C,11,FW,Raúl Ruidíaz,7/25/1990,27,30,4,Morelia,1,Peru11FW33079
Peru,C,12,GK,Carlos Cáceda,9/27/1991,26,4,0,Deportivo Municipal,1,Peru12GK33508
Peru,C,13,MF,Renato Tapia,7/28/1995,22,22,1,Feyenoord,1,Peru13MF34908
Peru,C,14,MF,Andy Polo,9/29/1994,23,16,1,Portland Timbers,1,Peru14MF34606
Peru,C,15,DF,Christian Ramos,11/4/1988,29,65,3,Veracruz,1,Peru15DF32451
Peru,C,16,MF,Wilder Cartagena,9/23/1994,23,3,0,Veracruz,1,Peru16MF34600
Peru,C,17,DF,Luis Advíncula,3/2/1990,28,64,0,Lobos BUAP,1,Peru17DF32934
Peru,C,18,FW,André Carrillo,6/14/1991,26,44,5,Watford,1,Peru18FW33403
Peru,C,19,MF,Yoshimar Yotún,4/7/1990,28,72,2,Orlando City,1,Peru19MF32970
Peru,C,20,FW,Edison Flores,5/14/1994,24,28,9,AaB,1,Peru20FW34468
Peru,C,21,GK,José Carvallo,3/1/1986,32,6,0,UTC,1,Peru21GK31472
Peru,C,22,DF,Nilson Loyola,10/26/1994,23,3,0,Melgar,1,Peru22DF34633
Peru,C,23,MF,Pedro Aquino,4/13/1995,23,12,0,Lobos BUAP,1,Peru23MF34802
Argentina,D,1,GK,Nahuel Guzmán,2/10/1986,32,6,0,UANL,1,Argentina1GK31453
Argentina,D,2,DF,Gabriel Mercado,3/18/1987,31,20,3,Sevilla,1,Argentina2DF31854
Argentina,D,3,DF,Nicolás Tagliafico,8/31/1992,25,4,0,Ajax,1,Argentina3DF33847
Argentina,D,4,DF,Cristian Ansaldi,9/20/1986,31,5,0,Torino,1,Argentina4DF31675
Argentina,D,5,MF,Lucas Biglia,1/30/1986,32,57,1,Milan,1,Argentina5MF31442
Argentina,D,6,DF,Federico Fazio,3/17/1987,31,9,1,Roma,1,Argentina6DF31853
Argentina,D,7,MF,Éver Banega,6/29/1988,29,62,6,Sevilla,1,Argentina7MF32323
Argentina,D,8,DF,Marcos Acuña,10/28/1991,26,10,0,Sporting CP,1,Argentina8DF33539
Argentina,D,9,FW,Gonzalo Higuaín,12/10/1987,30,71,31,Juventus,1,Argentina9FW32121
Argentina,D,10,FW,Lionel Messi (captain),6/24/1987,30,124,64,Barcelona,1,Argentina10FW31952
Argentina,D,11,MF,Ángel Di María,2/14/1988,30,94,19,Paris Saint-Germain,1,Argentina11MF32187
Argentina,D,12,GK,Franco Armani,10/16/1986,31,0,0,River Plate,1,Argentina12GK31701
Argentina,D,13,MF,Maximiliano Meza,12/15/1992,25,2,0,Independiente,1,Argentina13MF33953
Argentina,D,14,DF,Javier Mascherano,6/8/1984,33,143,3,Hebei China Fortune,1,Argentina14DF30841
Argentina,D,15,MF,Manuel Lanzini,2/15/1993,25,4,1,West Ham United,1,Argentina15MF34015
Argentina,D,16,DF,Marcos Rojo,3/20/1990,28,56,2,Manchester United,1,Argentina16DF32952
Argentina,D,17,DF,Nicolás Otamendi,2/12/1988,30,54,4,Manchester City,1,Argentina17DF32185
Argentina,D,18,DF,Eduardo Salvio,7/13/1990,27,9,0,Benfica,1,Argentina18DF33067
Argentina,D,19,FW,Sergio Agüero,6/2/1988,30,85,37,Manchester City,1,Argentina19FW32296
Argentina,D,20,MF,Giovani Lo Celso,4/9/1996,22,5,0,Paris Saint-Germain,1,Argentina20MF35164
Argentina,D,21,FW,Paulo Dybala,11/15/1993,24,12,0,Juventus,1,Argentina21FW34288
Argentina,D,22,MF,Cristian Pavón,1/21/1996,22,5,0,Boca Juniors,1,Argentina22MF35085
Argentina,D,23,GK,Willy Caballero,9/28/1981,36,3,0,Chelsea,1,Argentina23GK29857
Croatia,D,1,GK,Dominik Livakovi?,1/9/1995,23,1,0,Dinamo Zagreb,1,Croatia1GK34708
Croatia,D,2,DF,Šime Vrsaljko,1/10/1992,26,35,0,Atlético Madrid,1,Croatia2DF33613
Croatia,D,3,DF,Ivan Strini?,7/17/1987,30,42,0,Sampdoria,1,Croatia3DF31975
Croatia,D,4,FW,Ivan Periši?,2/2/1989,29,65,17,Inter Milan,1,Croatia4FW32541
Croatia,D,5,DF,Vedran ?orluka,2/5/1986,32,98,4,Lokomotiv Moscow,1,Croatia5DF31448
Croatia,D,6,DF,Dejan Lovren,7/5/1989,28,38,2,Liverpool,1,Croatia6DF32694
Croatia,D,7,MF,Ivan Rakiti?,3/10/1988,30,91,14,Barcelona,1,Croatia7MF32212
Croatia,D,8,MF,Mateo Kova?i?,5/6/1994,24,40,1,Real Madrid,1,Croatia8MF34460
Croatia,D,9,FW,Andrej Kramari?,6/19/1991,26,30,8,1899 Hoffenheim,1,Croatia9FW33408
Croatia,D,10,MF,Luka Modri? (captain),9/9/1985,32,105,12,Real Madrid,1,Croatia10MF31299
Croatia,D,11,MF,Marcelo Brozovi?,11/16/1992,25,34,6,Inter Milan,1,Croatia11MF33924
Croatia,D,12,GK,Lovre Kalini?,4/3/1990,28,10,0,Gent,1,Croatia12GK32966
Croatia,D,13,DF,Tin Jedvaj,11/28/1995,22,11,0,Bayer Leverkusen,1,Croatia13DF35031
Croatia,D,14,MF,Filip Bradari?,1/11/1992,26,4,0,Rijeka,1,Croatia14MF33614
Croatia,D,15,DF,Duje ?aleta-Car,9/17/1996,21,1,0,Red Bull Salzburg,1,Croatia15DF35325
Croatia,D,16,FW,Nikola Kalini?,1/5/1988,30,41,15,Milan,1,Croatia16FW32147
Croatia,D,17,FW,Mario Mandžuki?,5/21/1986,32,82,30,Juventus,1,Croatia17FW31553
Croatia,D,18,FW,Ante Rebi?,9/21/1993,24,15,1,Eintracht Frankfurt,1,Croatia18FW34233
Croatia,D,19,MF,Milan Badelj,2/25/1989,29,37,1,Fiorentina,1,Croatia19MF32564
Croatia,D,20,FW,Marko Pjaca,5/6/1995,23,16,1,Schalke 04,1,Croatia20FW34825
Croatia,D,21,DF,Domagoj Vida,4/29/1989,29,58,2,Be?ikta?,1,Croatia21DF32627
Croatia,D,22,DF,Josip Pivari?,1/30/1989,29,19,0,Dynamo Kyiv,1,Croatia22DF32538
Croatia,D,23,GK,Danijel Subaši?,10/27/1984,33,37,0,Monaco,1,Croatia23GK30982
Iceland,D,1,GK,Hannes Þór Halldórsson,4/27/1984,34,48,0,Randers,1,Iceland1GK30799
Iceland,D,2,DF,Birkir Már Sævarsson,11/11/1984,33,79,1,Valur,1,Iceland2DF30997
Iceland,D,3,MF,Samúel Friðjónsson,2/22/1996,22,4,0,Vålerenga,1,Iceland3MF35117
Iceland,D,4,MF,Albert Guðmundsson,6/15/1997,20,5,3,PSV Eindhoven,1,Iceland4MF35596
Iceland,D,5,DF,Sverrir Ingi Ingason,8/5/1993,24,19,3,Rostov,1,Iceland5DF34186
Iceland,D,6,DF,Ragnar Sigurðsson,6/19/1986,31,76,3,Rostov,1,Iceland6DF31582
Iceland,D,7,MF,Jóhann Berg Guðmundsson,10/27/1990,27,66,7,Burnley,1,Iceland7MF33173
Iceland,D,8,MF,Birkir Bjarnason,5/27/1988,30,66,9,Aston Villa,1,Iceland8MF32290
Iceland,D,9,FW,Björn Bergmann Sigurðarson,2/26/1991,27,11,1,Rostov,1,Iceland9FW33295
Iceland,D,10,MF,Gylfi Sigurðsson,9/8/1989,28,56,19,Everton,1,Iceland10MF32759
Iceland,D,11,FW,Alfreð Finnbogason,2/1/1989,29,46,12,FC Augsburg,1,Iceland11FW32540
Iceland,D,12,GK,Frederik Schram,1/19/1995,23,4,0,Roskilde,1,Iceland12GK34718
Iceland,D,13,GK,Rúnar Alex Rúnarsson,2/18/1995,23,3,0,Nordsjælland,1,Iceland13GK34748
Iceland,D,14,DF,Kári Árnason,10/13/1982,35,66,4,Aberdeen,1,Iceland14DF30237
Iceland,D,15,DF,Hólmar Örn Eyjólfsson,8/6/1990,27,9,1,Levski Sofia,1,Iceland15DF33091
Iceland,D,16,MF,Ólafur Ingi Skúlason,4/1/1983,35,35,1,Kardemir Karabükspor,1,Iceland16MF30407
Iceland,D,17,MF,Aron Gunnarsson (captain),4/22/1989,29,77,2,Cardiff City,1,Iceland17MF32620
Iceland,D,18,DF,Hörður Björgvin Magnússon,2/11/1993,25,16,2,Bristol City,1,Iceland18DF34011
Iceland,D,19,MF,Rúrik Gíslason,2/25/1988,30,46,3,SV Sandhausen,1,Iceland19MF32198
Iceland,D,20,MF,Emil Hallfreðsson,6/29/1984,33,63,1,Udinese,1,Iceland20MF30862
Iceland,D,21,MF,Arnór Ingvi Traustason,4/30/1993,25,18,5,Malmö,1,Iceland21MF34089
Iceland,D,22,FW,Jón Daði Böðvarsson,5/25/1992,26,37,2,Reading,1,Iceland22FW33749
Iceland,D,23,DF,Ari Freyr Skúlason,5/14/1987,31,55,0,Lokeren,1,Iceland23DF31911
Nigeria,D,1,GK,Ikechukwu Ezenwa,10/16/1988,29,24,0,Enyimba,1,Nigeria1GK32432
Nigeria,D,2,DF,Brian Idowu,5/18/1992,26,4,1,Amkar Perm,1,Nigeria2DF33742
Nigeria,D,3,DF,Elderson Echiéjilé,1/20/1988,30,61,3,Cercle Brugge,1,Nigeria3DF32162
Nigeria,D,4,MF,Wilfred Ndidi,12/16/1996,21,16,0,Leicester City,1,Nigeria4MF35415
Nigeria,D,5,DF,William Troost-Ekong,9/1/1993,24,21,1,Bursaspor,1,Nigeria5DF34213
Nigeria,D,6,DF,Leon Balogun,6/28/1988,29,18,0,Mainz 05,1,Nigeria6DF32322
Nigeria,D,7,FW,Ahmed Musa,10/14/1992,25,71,13,CSKA Moscow,1,Nigeria7FW33891
Nigeria,D,8,MF,Oghenekaro Etebo,11/9/1995,22,14,1,Las Palmas,1,Nigeria8MF35012
Nigeria,D,9,FW,Odion Ighalo,6/16/1989,28,18,4,Changchun Yatai,1,Nigeria9FW32675
Nigeria,D,10,MF,John Obi Mikel (captain),4/22/1987,31,84,6,Tianjin TEDA,1,Nigeria10MF31889
Nigeria,D,11,FW,Victor Moses,12/12/1990,27,33,11,Chelsea,1,Nigeria11FW33219
Nigeria,D,12,DF,Shehu Abdullahi,3/12/1993,25,24,0,Bursaspor,1,Nigeria12DF34040
Nigeria,D,13,FW,Simeon Nwankwo,5/7/1992,26,1,0,Crotone,1,Nigeria13FW33731
Nigeria,D,14,FW,Kelechi Iheanacho,3/10/1996,22,17,8,Leicester City,1,Nigeria14FW35134
Nigeria,D,15,MF,Joel Obi,5/22/1991,27,17,0,Torino,1,Nigeria15MF33380
Nigeria,D,16,GK,Daniel Akpeyi,3/8/1986,32,7,0,Chippa United,1,Nigeria16GK31479
Nigeria,D,17,MF,Ogenyi Onazi,12/25/1992,25,52,1,Trabzonspor,1,Nigeria17MF33963
Nigeria,D,18,FW,Alex Iwobi,5/3/1996,22,18,5,Arsenal,1,Nigeria18FW35188
Nigeria,D,19,MF,John Ogu,4/20/1988,30,19,2,Hapoel Be'er Sheva,1,Nigeria19MF32253
Nigeria,D,20,DF,Chidozie Awaziem,1/1/1997,21,4,0,Nantes,1,Nigeria20DF35431
Nigeria,D,21,DF,Tyronne Ebuehi,12/16/1995,22,6,0,ADO Den Haag,1,Nigeria21DF35049
Nigeria,D,22,DF,Kenneth Omeruo,10/17/1993,24,39,0,Kas?mpa?a,1,Nigeria22DF34259
Nigeria,D,23,GK,Francis Uzoho,10/28/1998,19,5,0,Deportivo La Coruña,1,Nigeria23GK36096
Brazil,E,1,GK,Alisson,10/2/1992,25,25,0,Roma,1,Brazil1GK33879
Brazil,E,2,DF,Thiago Silva,9/22/1984,33,70,5,Paris Saint-Germain,1,Brazil2DF30947
Brazil,E,3,DF,Miranda,9/7/1984,33,46,2,Inter Milan,1,Brazil3DF30932
Brazil,E,4,DF,Pedro Geromel,9/21/1985,32,2,0,Grêmio,1,Brazil4DF31311
Brazil,E,5,MF,Casemiro,2/23/1992,26,23,0,Real Madrid,1,Brazil5MF33657
Brazil,E,6,DF,Filipe Luís,8/9/1985,32,32,2,Atlético Madrid,1,Brazil6DF31268
Brazil,E,7,FW,Douglas Costa,9/14/1990,27,24,3,Juventus,1,Brazil7FW33130
Brazil,E,8,MF,Renato Augusto,2/8/1988,30,28,5,Beijing Sinobo Guoan,1,Brazil8MF32181
Brazil,E,9,FW,Gabriel Jesus,4/3/1997,21,16,9,Manchester City,1,Brazil9FW35523
Brazil,E,10,FW,Neymar,2/5/1992,26,84,54,Paris Saint-Germain,1,Brazil10FW33639
Brazil,E,11,MF,Philippe Coutinho,6/12/1992,25,36,9,Barcelona,1,Brazil11MF33767
Brazil,E,12,DF,Marcelo,5/12/1988,30,53,6,Real Madrid,1,Brazil12DF32275
Brazil,E,13,DF,Marquinhos,5/14/1994,24,25,0,Paris Saint-Germain,1,Brazil13DF34468
Brazil,E,14,DF,Danilo,7/15/1991,26,17,0,Manchester City,1,Brazil14DF33434
Brazil,E,15,MF,Paulinho,7/25/1988,29,49,12,Barcelona,1,Brazil15MF32349
Brazil,E,16,GK,Cássio,6/6/1987,30,1,0,Corinthians,1,Brazil16GK31934
Brazil,E,17,MF,Fernandinho,5/4/1985,33,43,2,Manchester City,1,Brazil17MF31171
Brazil,E,18,MF,Fred,3/5/1993,25,8,0,Shakhtar Donetsk,1,Brazil18MF34033
Brazil,E,19,MF,Willian,8/9/1988,29,56,8,Chelsea,1,Brazil19MF32364
Brazil,E,20,FW,Roberto Firmino,10/2/1991,26,20,6,Liverpool,1,Brazil20FW33513
Brazil,E,21,FW,Taison,1/13/1988,30,7,1,Shakhtar Donetsk,1,Brazil21FW32155
Brazil,E,22,DF,Fagner,6/11/1989,28,4,0,Corinthians,1,Brazil22DF32670
Brazil,E,23,GK,Ederson,8/17/1993,24,1,0,Manchester City,1,Brazil23GK34198
Costa Rica,E,1,GK,Keylor Navas,12/15/1986,31,79,0,Real Madrid,1,Costa Rica1GK31761
Costa Rica,E,2,DF,Johnny Acosta,7/21/1983,34,68,2,Águilas Doradas,1,Costa Rica2DF30518
Costa Rica,E,3,DF,Giancarlo González,2/8/1988,30,68,2,Bologna,1,Costa Rica3DF32181
Costa Rica,E,4,DF,Ian Smith,3/6/1998,20,2,0,Norrköping,1,Costa Rica4DF35860
Costa Rica,E,5,MF,Celso Borges,5/27/1988,30,111,21,Deportivo La Coruña,1,Costa Rica5MF32290
Costa Rica,E,6,DF,Óscar Duarte,6/3/1989,29,38,2,Espanyol,1,Costa Rica6DF32662
Costa Rica,E,7,MF,Christian Bolaños,5/17/1984,34,79,6,Saprissa,1,Costa Rica7MF30819
Costa Rica,E,8,DF,Bryan Oviedo,2/18/1990,28,42,1,Sunderland,1,Costa Rica8DF32922
Costa Rica,E,9,MF,Daniel Colindres,1/10/1985,33,11,0,Saprissa,1,Costa Rica9MF31057
Costa Rica,E,10,MF,Bryan Ruiz (captain),8/18/1985,32,109,23,Sporting CP,1,Costa Rica10MF31277
Costa Rica,E,11,FW,Johan Venegas,11/27/1988,29,45,10,Saprissa,1,Costa Rica11FW32474
Costa Rica,E,12,FW,Joel Campbell,6/26/1992,25,75,15,Real Betis,1,Costa Rica12FW33781
Costa Rica,E,13,MF,Rodney Wallace,6/17/1988,29,30,4,New York City FC,1,Costa Rica13MF32311
Costa Rica,E,14,MF,Randall Azofeifa,12/30/1984,33,57,3,Herediano,1,Costa Rica14MF31046
Costa Rica,E,15,DF,Francisco Calvo,7/8/1992,25,36,4,Minnesota United,1,Costa Rica15DF33793
Costa Rica,E,16,DF,Cristian Gamboa,10/24/1989,28,66,3,Celtic,1,Costa Rica16DF32805
Costa Rica,E,17,MF,Yeltsin Tejeda,3/17/1992,26,49,0,Lausanne,1,Costa Rica17MF33680
Costa Rica,E,18,GK,Patrick Pemberton,4/24/1982,36,39,0,Alajuelense,1,Costa Rica18GK30065
Costa Rica,E,19,DF,Kendall Waston,1/1/1988,30,25,3,Vancouver Whitecaps FC,1,Costa Rica19DF32143
Costa Rica,E,20,MF,David Guzmán,2/18/1990,28,41,0,Portland Timbers,1,Costa Rica20MF32922
Costa Rica,E,21,FW,Marco Ureña,3/5/1990,28,62,15,Los Angeles FC,1,Costa Rica21FW32937
Costa Rica,E,22,DF,Rónald Matarrita,7/9/1994,23,22,2,New York City FC,1,Costa Rica22DF34524
Costa Rica,E,23,GK,Leonel Moreira,4/2/1990,28,9,0,Herediano,1,Costa Rica23GK32965
Serbia,E,1,GK,Vladimir Stojkovi?,7/28/1983,34,80,0,Partizan,1,Serbia1GK30525
Serbia,E,2,DF,Antonio Rukavina,1/26/1984,34,46,0,Villarreal,1,Serbia2DF30707
Serbia,E,3,DF,Duško Toši?,1/19/1985,33,23,1,Be?ikta?,1,Serbia3DF31066
Serbia,E,4,MF,Luka Milivojevi?,4/7/1991,27,27,1,Crystal Palace,1,Serbia4MF33335
Serbia,E,5,DF,Uroš Spaji?,2/13/1993,25,5,0,Anderlecht,1,Serbia5DF34013
Serbia,E,6,DF,Branislav Ivanovi?,2/22/1984,34,102,12,Zenit Saint Petersburg,1,Serbia6DF30734
Serbia,E,7,MF,Andrija Živkovi?,7/11/1996,21,10,0,Benfica,1,Serbia7MF35257
Serbia,E,8,FW,Aleksandar Prijovi?,4/21/1990,28,8,1,PAOK,1,Serbia8FW32984
Serbia,E,9,FW,Aleksandar Mitrovi?,9/16/1994,23,36,13,Fulham,1,Serbia9FW34593
Serbia,E,10,MF,Dušan Tadi?,11/20/1988,29,52,13,Southampton,1,Serbia10MF32467
Serbia,E,11,DF,Aleksandar Kolarov (captain),11/10/1985,32,75,10,Roma,1,Serbia11DF31361
Serbia,E,12,GK,Predrag Rajkovi?,10/31/1995,22,7,0,Maccabi Tel Aviv,1,Serbia12GK35003
Serbia,E,13,DF,Miloš Veljkovi?,9/26/1995,22,2,0,Werder Bremen,1,Serbia13DF34968
Serbia,E,14,DF,Milan Rodi?,4/2/1991,27,1,0,Red Star Belgrade,1,Serbia14DF33330
Serbia,E,15,DF,Nikola Milenkovi?,10/12/1997,20,2,0,Fiorentina,1,Serbia15DF35715
Serbia,E,16,MF,Marko Gruji?,4/13/1996,22,7,0,Cardiff City,1,Serbia16MF35168
Serbia,E,17,MF,Filip Kosti?,11/1/1992,25,22,2,Hamburger SV,1,Serbia17MF33909
Serbia,E,18,FW,Nemanja Radonji?,2/15/1996,22,2,0,Red Star Belgrade,1,Serbia18FW35110
Serbia,E,19,FW,Luka Jovi?,12/23/1997,20,1,0,Eintracht Frankfurt,1,Serbia19FW35787
Serbia,E,20,MF,Sergej Milinkovi?-Savi?,2/27/1995,23,3,0,Lazio,1,Serbia20MF34757
Serbia,E,21,MF,Nemanja Mati?,8/1/1988,29,39,2,Manchester United,1,Serbia21MF32356
Serbia,E,22,MF,Adem Ljaji?,9/29/1991,26,28,5,Torino,1,Serbia22MF33510
Serbia,E,23,GK,Marko Dmitrovi?,1/24/1992,26,2,0,Eibar,1,Serbia23GK33627
Switzerland,E,1,GK,Yann Sommer,12/17/1988,29,35,0,Borussia Mönchengladbach,1,Switzerland1GK32494
Switzerland,E,2,DF,Stephan Lichtsteiner (captain),1/16/1984,34,99,8,Juventus,1,Switzerland2DF30697
Switzerland,E,3,DF,François Moubandje,6/21/1990,27,17,0,Toulouse,1,Switzerland3DF33045
Switzerland,E,4,DF,Nico Elvedi,9/30/1996,21,5,0,Borussia Mönchengladbach,1,Switzerland4DF35338
Switzerland,E,5,DF,Manuel Akanji,7/19/1995,22,6,0,Borussia Dortmund,1,Switzerland5DF34899
Switzerland,E,6,DF,Michael Lang,2/8/1991,27,24,2,Basel,1,Switzerland6DF33277
Switzerland,E,7,FW,Breel Embolo,2/14/1997,21,24,3,Schalke 04,1,Switzerland7FW35475
Switzerland,E,8,MF,Remo Freuler,4/15/1992,26,9,0,Atalanta,1,Switzerland8MF33709
Switzerland,E,9,FW,Haris Seferovi?,2/22/1992,26,50,11,Benfica,1,Switzerland9FW33656
Switzerland,E,10,MF,Granit Xhaka,9/27/1992,25,61,9,Arsenal,1,Switzerland10MF33874
Switzerland,E,11,MF,Valon Behrami,4/19/1985,33,78,2,Udinese,1,Switzerland11MF31156
Switzerland,E,12,GK,Yvon Mvogo,6/6/1994,23,0,0,RB Leipzig,1,Switzerland12GK34491
Switzerland,E,13,DF,Ricardo Rodríguez,8/25/1992,25,52,4,Milan,1,Switzerland13DF33841
Switzerland,E,14,MF,Steven Zuber,8/17/1991,26,11,3,1899 Hoffenheim,1,Switzerland14MF33467
Switzerland,E,15,MF,Blerim Džemaili,4/12/1986,32,64,9,Bologna,1,Switzerland15MF31514
Switzerland,E,16,MF,Gelson Fernandes,9/2/1986,31,67,2,Eintracht Frankfurt,1,Switzerland16MF31657
Switzerland,E,17,MF,Denis Zakaria,11/20/1996,21,10,0,Borussia Mönchengladbach,1,Switzerland17MF35389
Switzerland,E,18,FW,Mario Gavranovi?,11/24/1989,28,13,5,Dinamo Zagreb,1,Switzerland18FW32836
Switzerland,E,19,FW,Josip Drmi?,8/8/1992,25,28,9,Borussia Mönchengladbach,1,Switzerland19FW33824
Switzerland,E,20,DF,Johan Djourou,1/18/1987,31,74,2,Antalyaspor,1,Switzerland20DF31795
Switzerland,E,21,GK,Roman Bürki,11/14/1990,27,8,0,Borussia Dortmund,1,Switzerland21GK33191
Switzerland,E,22,DF,Fabian Schär,12/20/1991,26,38,7,Deportivo La Coruña,1,Switzerland22DF33592
Switzerland,E,23,MF,Xherdan Shaqiri,10/10/1991,26,69,20,Stoke City,1,Switzerland23MF33521
Germany,F,1,GK,Manuel Neuer (captain),3/27/1986,32,75,0,Bayern Munich,1,Germany1GK31498
Germany,F,2,DF,Marvin Plattenhardt,1/26/1992,26,6,0,Hertha BSC,1,Germany2DF33629
Germany,F,3,DF,Jonas Hector,5/27/1990,28,37,3,1. FC Köln,1,Germany3DF33020
Germany,F,4,DF,Matthias Ginter,1/19/1994,24,17,0,Borussia Mönchengladbach,1,Germany4DF34353
Germany,F,5,DF,Mats Hummels,12/16/1988,29,63,5,Bayern Munich,1,Germany5DF32493
Germany,F,6,MF,Sami Khedira,4/4/1987,31,74,7,Juventus,1,Germany6MF31871
Germany,F,7,MF,Julian Draxler,9/20/1993,24,43,6,Paris Saint-Germain,1,Germany7MF34232
Germany,F,8,MF,Toni Kroos,1/4/1990,28,82,12,Real Madrid,1,Germany8MF32877
Germany,F,9,FW,Timo Werner,3/6/1996,22,13,7,RB Leipzig,1,Germany9FW35130
Germany,F,10,MF,Mesut Özil,10/15/1988,29,90,23,Arsenal,1,Germany10MF32431
Germany,F,11,FW,Marco Reus,5/31/1989,29,30,9,Borussia Dortmund,1,Germany11FW32659
Germany,F,12,GK,Kevin Trapp,7/8/1990,27,3,0,Paris Saint-Germain,1,Germany12GK33062
Germany,F,13,MF,Thomas Müller,9/13/1989,28,90,38,Bayern Munich,1,Germany13MF32764
Germany,F,14,MF,Leon Goretzka,2/6/1995,23,15,6,Schalke 04,1,Germany14MF34736
Germany,F,15,DF,Niklas Süle,9/3/1995,22,10,0,Bayern Munich,1,Germany15DF34945
Germany,F,16,DF,Antonio Rüdiger,3/3/1993,25,24,1,Chelsea,1,Germany16DF34031
Germany,F,17,DF,Jérôme Boateng,9/3/1988,29,70,1,Bayern Munich,1,Germany17DF32389
Germany,F,18,DF,Joshua Kimmich,2/8/1995,23,28,3,Bayern Munich,1,Germany18DF34738
Germany,F,19,MF,Sebastian Rudy,2/28/1990,28,25,1,Bayern Munich,1,Germany19MF32932
Germany,F,20,MF,Julian Brandt,5/2/1996,22,15,1,Bayer Leverkusen,1,Germany20MF35187
Germany,F,21,MF,?lkay Gündo?an,10/24/1990,27,25,4,Manchester City,1,Germany21MF33170
Germany,F,22,GK,Marc-André ter Stegen,4/30/1992,26,19,0,Barcelona,1,Germany22GK33724
Germany,F,23,FW,Mario Gómez,7/10/1985,32,74,31,VfB Stuttgart,1,Germany23FW31238
Mexico,F,1,GK,José de Jesús Corona,1/26/1981,37,52,0,Cruz Azul,1,Mexico1GK29612
Mexico,F,2,DF,Hugo Ayala,3/31/1987,31,42,1,UANL,1,Mexico2DF31867
Mexico,F,3,DF,Carlos Salcedo,9/29/1993,24,20,0,Eintracht Frankfurt,1,Mexico3DF34241
Mexico,F,4,DF,Rafael Márquez,2/13/1979,39,144,18,Atlas,1,Mexico4DF28899
Mexico,F,5,DF,Diego Reyes,9/19/1992,25,55,1,Porto,1,Mexico5DF33866
Mexico,F,6,MF,Jonathan dos Santos,4/26/1990,28,31,0,LA Galaxy,1,Mexico6MF32989
Mexico,F,7,MF,Miguel Layún,6/25/1988,29,63,6,Sevilla,1,Mexico7MF32319
Mexico,F,8,FW,Marco Fabián,7/21/1989,28,38,9,Eintracht Frankfurt,1,Mexico8FW32710
Mexico,F,9,FW,Raúl Jiménez,5/5/1991,27,63,13,Benfica,1,Mexico9FW33363
Mexico,F,10,MF,Giovani dos Santos,5/11/1989,29,104,19,LA Galaxy,1,Mexico10MF32639
Mexico,F,11,FW,Carlos Vela,3/1/1989,29,68,18,Los Angeles FC,1,Mexico11FW32568
Mexico,F,12,GK,Alfredo Talavera,9/18/1982,35,27,0,Toluca,1,Mexico12GK30212
Mexico,F,13,GK,Guillermo Ochoa,7/13/1985,32,93,0,Standard Liège,1,Mexico13GK31241
Mexico,F,14,FW,Javier Hernández,6/1/1988,30,101,49,West Ham United,1,Mexico14FW32295
Mexico,F,15,DF,Héctor Moreno,1/17/1988,30,91,3,Real Sociedad,1,Mexico15DF32159
Mexico,F,16,DF,Héctor Herrera,4/19/1990,28,65,5,Porto,1,Mexico16DF32982
Mexico,F,17,MF,Jesús Manuel Corona,1/6/1993,25,35,7,Porto,1,Mexico17MF33975
Mexico,F,18,MF,Andrés Guardado (captain),9/28/1986,31,144,25,Real Betis,1,Mexico18MF31683
Mexico,F,19,FW,Oribe Peralta,1/12/1984,34,66,26,América,1,Mexico19FW30693
Mexico,F,20,MF,Javier Aquino,2/11/1990,28,53,0,UANL,1,Mexico20MF32915
Mexico,F,21,DF,Edson Álvarez,10/24/1997,20,12,1,América,1,Mexico21DF35727
Mexico,F,22,FW,Hirving Lozano,7/30/1995,22,27,7,PSV Eindhoven,1,Mexico22FW34910
Mexico,F,23,MF,Jesús Gallardo,8/15/1994,23,22,0,UNAM,1,Mexico23MF34561
South Korea,F,1,GK,Kim Seung-gyu,9/30/1990,27,32,0,Vissel Kobe,1,South Korea1GK33146
South Korea,F,2,DF,Lee Yong,12/24/1986,31,26,0,Jeonbuk Hyundai Motors,1,South Korea2DF31770
South Korea,F,3,DF,Jung Seung-hyun,4/3/1994,24,6,0,Sagan Tosu,1,South Korea3DF34427
South Korea,F,4,DF,Oh Ban-suk,5/20/1988,30,2,0,Jeju United,1,South Korea4DF32283
South Korea,F,5,DF,Yun Young-sun,10/4/1988,29,5,0,Seongnam FC,1,South Korea5DF32420
South Korea,F,6,DF,Park Joo-ho,1/16/1987,31,35,0,Ulsan Hyundai,1,South Korea6DF31793
South Korea,F,7,FW,Son Heung-min,7/8/1992,25,65,21,Tottenham Hotspur,1,South Korea7FW33793
South Korea,F,8,MF,Ju Se-jong,10/30/1990,27,10,1,Asan Mugunghwa,1,South Korea8MF33176
South Korea,F,9,FW,Kim Shin-wook,4/14/1988,30,48,10,Jeonbuk Hyundai Motors,1,South Korea9FW32247
South Korea,F,10,MF,Lee Seung-woo,1/6/1998,20,2,0,Hellas Verona,1,South Korea10MF35801
South Korea,F,11,FW,Hwang Hee-chan,1/26/1996,22,13,2,Red Bull Salzburg,1,South Korea11FW35090
South Korea,F,12,DF,Kim Min-woo,2/25/1990,28,18,1,Sangju Sangmu,1,South Korea12DF32929
South Korea,F,13,MF,Koo Ja-cheol,2/27/1989,29,66,19,FC Augsburg,1,South Korea13MF32566
South Korea,F,14,DF,Hong Chul,9/17/1990,27,14,0,Sangju Sangmu,1,South Korea14DF33133
South Korea,F,15,MF,Jung Woo-young,12/14/1989,28,28,1,Vissel Kobe,1,South Korea15MF32856
South Korea,F,16,MF,Ki Sung-yueng (captain),1/24/1989,29,100,10,Swansea City,1,South Korea16MF32532
South Korea,F,17,MF,Lee Jae-sung,8/10/1992,25,33,6,Jeonbuk Hyundai Motors,1,South Korea17MF33826
South Korea,F,18,MF,Moon Seon-min,6/9/1992,25,2,1,Incheon United,1,South Korea18MF33764
South Korea,F,19,DF,Kim Young-gwon,2/27/1990,28,51,2,Guangzhou Evergrande,1,South Korea19DF32931
South Korea,F,20,DF,Jang Hyun-soo,9/28/1991,26,49,3,FC Tokyo,1,South Korea20DF33509
South Korea,F,21,GK,Kim Jin-hyeon,7/6/1987,30,14,0,Cerezo Osaka,1,South Korea21GK31964
South Korea,F,22,DF,Go Yo-han,3/10/1988,30,19,0,FC Seoul,1,South Korea22DF32212
South Korea,F,23,GK,Cho Hyun-woo,9/25/1991,26,5,0,Daegu FC,1,South Korea23GK33506
Sweden,F,1,GK,Robin Olsen,1/8/1990,28,17,0,Copenhagen,1,Sweden1GK32881
Sweden,F,2,DF,Mikael Lustig,12/13/1986,31,65,6,Celtic,1,Sweden2DF31759
Sweden,F,3,DF,Victor Lindelöf,7/17/1994,23,20,1,Manchester United,1,Sweden3DF34532
Sweden,F,4,DF,Andreas Granqvist (captain),4/16/1985,33,71,6,Krasnodar,1,Sweden4DF31153
Sweden,F,5,DF,Martin Olsson,5/17/1988,30,43,5,Swansea City,1,Sweden5DF32280
Sweden,F,6,DF,Ludwig Augustinsson,4/21/1994,24,14,0,Werder Bremen,1,Sweden6DF34445
Sweden,F,7,MF,Sebastian Larsson,6/6/1985,32,99,6,Hull City,1,Sweden7MF31204
Sweden,F,8,MF,Albin Ekdal,7/28/1989,28,33,0,Hamburger SV,1,Sweden8MF32717
Sweden,F,9,FW,Marcus Berg,8/17/1986,31,56,18,Al Ain,1,Sweden9FW31641
Sweden,F,10,MF,Emil Forsberg,10/23/1991,26,35,6,RB Leipzig,1,Sweden10MF33534
Sweden,F,11,FW,John Guidetti,4/15/1992,26,20,1,Alavés,1,Sweden11FW33709
Sweden,F,12,GK,Karl-Johan Johnsson,1/28/1990,28,5,0,Guingamp,1,Sweden12GK32901
Sweden,F,13,MF,Gustav Svensson,2/7/1987,31,12,0,Seattle Sounders FC,1,Sweden13MF31815
Sweden,F,14,DF,Filip Helander,4/22/1993,25,4,0,Bologna,1,Sweden14DF34081
Sweden,F,15,MF,Oscar Hiljemark,6/28/1992,25,21,2,Genoa,1,Sweden15MF33783
Sweden,F,16,DF,Emil Krafth,8/2/1994,23,12,0,Bologna,1,Sweden16DF34548
Sweden,F,17,MF,Viktor Claesson,1/2/1992,26,21,3,Krasnodar,1,Sweden17MF33605
Sweden,F,18,DF,Pontus Jansson,2/13/1991,27,15,0,Leeds United,1,Sweden18DF33282
Sweden,F,19,MF,Marcus Rohdén,5/11/1991,27,11,1,Crotone,1,Sweden19MF33369
Sweden,F,20,FW,Ola Toivonen,7/3/1986,31,58,13,Toulouse,1,Sweden20FW31596
Sweden,F,21,MF,Jimmy Durmaz,3/22/1989,29,45,3,Toulouse,1,Sweden21MF32589
Sweden,F,22,FW,Isaac Kiese Thelin,6/24/1992,25,19,2,Waasland-Beveren,1,Sweden22FW33779
Sweden,F,23,GK,Kristoffer Nordfeldt,6/23/1989,28,8,0,Swansea City,1,Sweden23GK32682
Belgium,G,1,GK,Thibaut Courtois,5/11/1992,26,56,0,Chelsea,1,Belgium1GK33735
Belgium,G,2,DF,Toby Alderweireld,3/2/1989,29,72,3,Tottenham Hotspur,1,Belgium2DF32569
Belgium,G,3,DF,Thomas Vermaelen,11/14/1985,32,64,1,Barcelona,1,Belgium3DF31365
Belgium,G,4,DF,Vincent Kompany,4/10/1986,32,74,4,Manchester City,1,Belgium4DF31512
Belgium,G,5,DF,Jan Vertonghen,4/24/1987,31,100,8,Tottenham Hotspur,1,Belgium5DF31891
Belgium,G,6,MF,Axel Witsel,1/12/1989,29,85,9,Tianjin Quanjian,1,Belgium6MF32520
Belgium,G,7,MF,Kevin De Bruyne,6/28/1991,26,57,13,Manchester City,1,Belgium7MF33417
Belgium,G,8,MF,Marouane Fellaini,11/22/1987,30,79,16,Manchester United,1,Belgium8MF32103
Belgium,G,9,FW,Romelu Lukaku,5/13/1993,25,64,30,Manchester United,1,Belgium9FW34102
Belgium,G,10,FW,Eden Hazard (captain),1/7/1991,27,82,21,Chelsea,1,Belgium10FW33245
Belgium,G,11,MF,Yannick Carrasco,9/4/1993,24,23,5,Dalian Yifang,1,Belgium11MF34216
Belgium,G,12,GK,Simon Mignolet,3/6/1988,30,21,0,Liverpool,1,Belgium12GK32208
Belgium,G,13,GK,Koen Casteels,6/25/1992,25,0,0,VfL Wolfsburg,1,Belgium13GK33780
Belgium,G,14,FW,Dries Mertens,5/6/1987,31,65,13,Napoli,1,Belgium14FW31903
Belgium,G,15,DF,Thomas Meunier,9/12/1991,26,23,5,Paris Saint-Germain,1,Belgium15DF33493
Belgium,G,16,MF,Thorgan Hazard,3/29/1993,25,8,1,Borussia Mönchengladbach,1,Belgium16MF34057
Belgium,G,17,MF,Youri Tielemans,5/7/1997,21,7,0,Monaco,1,Belgium17MF35557
Belgium,G,18,FW,Adnan Januzaj,2/5/1995,23,7,0,Real Sociedad,1,Belgium18FW34735
Belgium,G,19,MF,Mousa Dembélé,7/16/1987,30,74,5,Tottenham Hotspur,1,Belgium19MF31974
Belgium,G,20,DF,Dedryck Boyata,11/28/1990,27,5,0,Celtic,1,Belgium20DF33205
Belgium,G,21,FW,Michy Batshuayi,10/2/1993,24,13,5,Borussia Dortmund,1,Belgium21FW34244
Belgium,G,22,MF,Nacer Chadli,8/2/1989,28,41,4,West Bromwich Albion,1,Belgium22MF32722
Belgium,G,23,DF,Leander Dendoncker,4/15/1995,23,4,0,Anderlecht,1,Belgium23DF34804
England,G,1,GK,Jordan Pickford,3/7/1994,24,3,0,Everton,1,England1GK34400
England,G,2,DF,Kyle Walker,5/28/1990,28,35,0,Manchester City,1,England2DF33021
England,G,3,DF,Danny Rose,7/2/1990,27,17,0,Tottenham Hotspur,1,England3DF33056
England,G,4,MF,Eric Dier,1/15/1994,24,26,3,Tottenham Hotspur,1,England4MF34349
England,G,5,DF,John Stones,5/28/1994,24,25,0,Manchester City,1,England5DF34482
England,G,6,DF,Harry Maguire,3/5/1993,25,4,0,Leicester City,1,England6DF34033
England,G,7,MF,Jesse Lingard,12/15/1992,25,11,1,Manchester United,1,England7MF33953
England,G,8,MF,Jordan Henderson,6/17/1990,27,38,0,Liverpool,1,England8MF33041
England,G,9,FW,Harry Kane (captain),7/28/1993,24,24,13,Tottenham Hotspur,1,England9FW34178
England,G,10,FW,Raheem Sterling,12/8/1994,23,38,2,Manchester City,1,England10FW34676
England,G,11,FW,Jamie Vardy,1/11/1987,31,21,7,Leicester City,1,England11FW31788
England,G,12,DF,Kieran Trippier,9/19/1990,27,6,0,Tottenham Hotspur,1,England12DF33135
England,G,13,GK,Jack Butland,3/10/1993,25,7,0,Stoke City,1,England13GK34038
England,G,14,FW,Danny Welbeck,11/26/1990,27,38,15,Arsenal,1,England14FW33203
England,G,15,DF,Gary Cahill,12/19/1985,32,59,5,Chelsea,1,England15DF31400
England,G,16,DF,Phil Jones,2/21/1992,26,24,0,Manchester United,1,England16DF33655
England,G,17,DF,Fabian Delph,11/21/1989,28,10,0,Manchester City,1,England17DF32833
England,G,18,DF,Ashley Young,7/9/1985,32,34,7,Manchester United,1,England18DF31237
England,G,19,FW,Marcus Rashford,10/31/1997,20,18,2,Manchester United,1,England19FW35734
England,G,20,MF,Dele Alli,4/11/1996,22,24,2,Tottenham Hotspur,1,England20MF35166
England,G,21,MF,Ruben Loftus-Cheek,1/23/1996,22,3,0,Crystal Palace,1,England21MF35087
England,G,22,DF,Trent Alexander-Arnold,10/7/1998,19,0,0,Liverpool,1,England22DF36075
England,G,23,GK,Nick Pope,4/19/1992,26,0,0,Burnley,1,England23GK33713
Panama,G,1,GK,Jaime Penedo,9/26/1981,36,130,0,Dinamo Bucure?ti,1,Panama1GK29855
Panama,G,2,DF,Michael Amir Murillo,2/11/1996,22,21,2,New York Red Bulls,1,Panama2DF35106
Panama,G,3,DF,Harold Cummings,3/1/1992,26,51,0,San Jose Earthquakes,1,Panama3DF33664
Panama,G,4,DF,Fidel Escobar,1/9/1995,23,22,1,New York Red Bulls,1,Panama4DF34708
Panama,G,5,DF,Román Torres,3/20/1986,32,110,10,Seattle Sounders FC,1,Panama5DF31491
Panama,G,6,MF,Gabriel Gómez,5/29/1984,34,143,12,Atlético Bucaramanga,1,Panama6MF30831
Panama,G,7,FW,Blas Pérez,3/13/1981,37,117,43,Municipal,1,Panama7FW29658
Panama,G,8,MF,Édgar Bárcenas,10/23/1993,24,28,0,Tapachula,1,Panama8MF34265
Panama,G,9,FW,Gabriel Torres,10/31/1988,29,71,14,Huachipato,1,Panama9FW32447
Panama,G,10,FW,Ismael Díaz,5/12/1997,21,10,2,Deportivo Fabril,1,Panama10FW35562
Panama,G,11,MF,Armando Cooper,11/26/1987,30,97,7,Universidad de Chile,1,Panama11MF32107
Panama,G,12,GK,José Calderón,8/14/1985,32,31,0,Chorrillo,1,Panama12GK31273
Panama,G,13,DF,Adolfo Machado,2/14/1985,33,75,1,Houston Dynamo,1,Panama13DF31092
Panama,G,14,MF,Valentín Pimentel,5/30/1991,27,22,1,Plaza Amador,1,Panama14MF33388
Panama,G,15,DF,Erick Davis,3/31/1991,27,37,0,Dunajská Streda,1,Panama15DF33328
Panama,G,16,FW,Abdiel Arroyo,12/13/1993,24,33,5,Alajuelense,1,Panama16FW34316
Panama,G,17,DF,Luis Ovalle,9/7/1988,29,25,0,Olimpia,1,Panama17DF32393
Panama,G,18,FW,Luis Tejada,3/28/1982,36,105,43,Sport Boys,1,Panama18FW30038
Panama,G,19,MF,Alberto Quintero,12/18/1987,30,89,5,Universitario,1,Panama19MF32129
Panama,G,20,MF,Aníbal Godoy,2/10/1990,28,88,2,San Jose Earthquakes,1,Panama20MF32914
Panama,G,21,MF,José Luis Rodríguez,6/19/1998,19,1,0,Gent,1,Panama21MF35965
Panama,G,22,GK,Álex Rodríguez,8/5/1990,27,6,0,San Francisco,1,Panama22GK33090
Panama,G,23,DF,Felipe Baloy (captain),2/24/1981,37,102,3,Municipal,1,Panama23DF29641
Tunisia,G,1,GK,Farouk Ben Mustapha,7/1/1989,28,15,0,Al-Shabab,1,Tunisia1GK32690
Tunisia,G,2,DF,Syam Ben Youssef,3/31/1989,29,41,1,Kas?mpa?a,1,Tunisia2DF32598
Tunisia,G,3,DF,Yohan Benalouane,3/28/1987,31,3,0,Leicester City,1,Tunisia3DF31864
Tunisia,G,4,DF,Yassine Meriah,7/2/1993,24,15,1,CS Sfaxien,1,Tunisia4DF34152
Tunisia,G,5,DF,Oussama Haddadi,1/28/1992,26,8,0,Dijon,1,Tunisia5DF33631
Tunisia,G,6,DF,Rami Bedoui,1/19/1990,28,8,0,Étoile du Sahel,1,Tunisia6DF32892
Tunisia,G,7,FW,Saîf-Eddine Khaoui,4/27/1995,23,4,0,Troyes,1,Tunisia7FW34816
Tunisia,G,8,FW,Fakhreddine Ben Youssef,6/23/1991,26,38,5,Al-Ettifaq,1,Tunisia8FW33412
Tunisia,G,9,MF,Anice Badri,9/18/1990,27,6,2,Espérance,1,Tunisia9MF33134
Tunisia,G,10,FW,Wahbi Khazri,2/8/1991,27,35,12,Rennes,1,Tunisia10FW33277
Tunisia,G,11,DF,Dylan Bronn,6/19/1995,22,4,0,Gent,1,Tunisia11DF34869
Tunisia,G,12,DF,Ali Maâloul,1/1/1990,28,45,0,Al Ahly,1,Tunisia12DF32874
Tunisia,G,13,MF,Ferjani Sassi,3/18/1992,26,38,3,Al-Nassr,1,Tunisia13MF33681
Tunisia,G,14,MF,Mohamed Amine Ben Amor,5/3/1992,26,25,1,Al-Ahli,1,Tunisia14MF33727
Tunisia,G,15,FW,Ahmed Khalil,12/21/1994,23,3,0,Club Africain,1,Tunisia15FW34689
Tunisia,G,16,GK,Aymen Mathlouthi (captain),9/14/1984,33,69,0,Al-Batin,1,Tunisia16GK30939
Tunisia,G,17,MF,Ellyes Skhiri,5/10/1995,23,4,0,Montpellier,1,Tunisia17MF34829
Tunisia,G,18,FW,Bassem Srarfi,6/25/1997,20,4,0,Nice,1,Tunisia18FW35606
Tunisia,G,19,FW,Saber Khalifa,10/14/1986,31,43,7,Club Africain,1,Tunisia19FW31699
Tunisia,G,20,FW,Ghailene Chaalali,2/28/1994,24,6,1,Espérance,1,Tunisia20FW34393
Tunisia,G,21,DF,Hamdi Nagguez,10/28/1992,25,15,0,Zamalek,1,Tunisia21DF33905
Tunisia,G,22,GK,Mouez Hassen,3/5/1995,23,3,0,Châteauroux,1,Tunisia22GK34763
Tunisia,G,23,FW,Naïm Sliti,7/27/1992,25,16,3,Dijon,1,Tunisia23FW33812
Colombia,H,1,GK,David Ospina,8/31/1988,29,86,0,Arsenal,1,Colombia1GK32386
Colombia,H,2,DF,Cristián Zapata,9/30/1986,31,55,2,Milan,1,Colombia2DF31685
Colombia,H,3,DF,Óscar Murillo,4/18/1988,30,13,0,Pachuca,1,Colombia3DF32251
Colombia,H,4,DF,Santiago Arias,1/13/1992,26,41,0,PSV Eindhoven,1,Colombia4DF33616
Colombia,H,5,MF,Wílmar Barrios,10/16/1993,24,10,0,Boca Juniors,1,Colombia5MF34258
Colombia,H,6,MF,Carlos Sánchez,2/6/1986,32,85,0,Espanyol,1,Colombia6MF31449
Colombia,H,7,FW,Carlos Bacca,9/8/1986,31,45,14,Villarreal,1,Colombia7FW31663
Colombia,H,8,MF,Abel Aguilar,1/6/1985,33,70,7,Deportivo Cali,1,Colombia8MF31053
Colombia,H,9,FW,Radamel Falcao (captain),2/10/1986,32,73,29,Monaco,1,Colombia9FW31453
Colombia,H,10,MF,James Rodríguez,7/12/1991,26,63,21,Bayern Munich,1,Colombia10MF33431
Colombia,H,11,MF,Juan Cuadrado,5/26/1988,30,70,7,Juventus,1,Colombia11MF32289
Colombia,H,12,GK,Camilo Vargas,3/9/1989,29,5,0,Deportivo Cali,1,Colombia12GK32576
Colombia,H,13,DF,Yerry Mina,9/23/1994,23,12,3,Barcelona,1,Colombia13DF34600
Colombia,H,14,FW,Luis Muriel,4/16/1991,27,18,2,Sevilla,1,Colombia14FW33344
Colombia,H,15,MF,Mateus Uribe,3/21/1991,27,8,0,América,1,Colombia15MF33318
Colombia,H,16,MF,Jefferson Lerma,10/25/1994,23,5,0,Levante,1,Colombia16MF34632
Colombia,H,17,DF,Johan Mojica,8/21/1992,25,4,1,Girona,1,Colombia17DF33837
Colombia,H,18,DF,Frank Fabra,2/22/1991,27,19,1,Boca Juniors,1,Colombia18DF33291
Colombia,H,19,FW,Miguel Borja,1/26/1993,25,7,2,Palmeiras,1,Colombia19FW33995
Colombia,H,20,MF,Juan Fernando Quintero,1/18/1993,25,15,2,River Plate,1,Colombia20MF33987
Colombia,H,21,FW,José Izquierdo,7/7/1992,25,5,1,Brighton & Hove Albion,1,Colombia21FW33792
Colombia,H,22,GK,José Fernando Cuadrado,6/1/1985,33,1,0,Once Caldas,1,Colombia22GK31199
Colombia,H,23,DF,Dávinson Sánchez,6/12/1996,21,9,0,Tottenham Hotspur,1,Colombia23DF35228
Japan,H,1,GK,Eiji Kawashima,3/20/1983,35,83,0,Metz,1,Japan1GK30395
Japan,H,2,DF,Naomichi Ueda,10/24/1994,23,3,0,Kashima Antlers,1,Japan2DF34631
Japan,H,3,DF,Gen Shoji,12/11/1992,25,10,1,Kashima Antlers,1,Japan3DF33949
Japan,H,4,MF,Keisuke Honda,6/13/1986,31,94,36,Pachuca,1,Japan4MF31576
Japan,H,5,DF,Yuto Nagatomo,9/12/1986,31,104,3,Galatasaray,1,Japan5DF31667
Japan,H,6,DF,Wataru Endo,2/9/1993,25,11,0,Urawa Red Diamonds,1,Japan6DF34009
Japan,H,7,MF,Gaku Shibasaki,5/28/1992,26,16,3,Getafe,1,Japan7MF33752
Japan,H,8,MF,Genki Haraguchi,5/9/1991,27,31,6,Fortuna Düsseldorf,1,Japan8MF33367
Japan,H,9,FW,Shinji Okazaki,4/16/1986,32,112,50,Leicester City,1,Japan9FW31518
Japan,H,10,MF,Shinji Kagawa,3/17/1989,29,90,29,Borussia Dortmund,1,Japan10MF32584
Japan,H,11,MF,Takashi Usami,5/6/1992,26,22,3,Fortuna Düsseldorf,1,Japan11MF33730
Japan,H,12,GK,Masaaki Higashiguchi,5/12/1986,32,4,0,Gamba Osaka,1,Japan12GK31544
Japan,H,13,FW,Yoshinori Mut?,7/15/1992,25,22,2,Mainz 05,1,Japan13FW33800
Japan,H,14,MF,Takashi Inui,6/2/1988,30,25,2,Eibar,1,Japan14MF32296
Japan,H,15,FW,Yuya Osako,5/18/1990,28,27,7,1. FC Köln,1,Japan15FW33011
Japan,H,16,MF,Hotaru Yamaguchi,10/6/1990,27,41,2,Cerezo Osaka,1,Japan16MF33152
Japan,H,17,MF,Makoto Hasebe (captain),1/18/1984,34,109,2,Eintracht Frankfurt,1,Japan17MF30699
Japan,H,18,MF,Ryota Oshima,1/23/1993,25,4,0,Kawasaki Frontale,1,Japan18MF33992
Japan,H,19,DF,Hiroki Sakai,4/12/1990,28,41,0,Marseille,1,Japan19DF32975
Japan,H,20,DF,Tomoaki Makino,5/11/1987,31,31,4,Urawa Red Diamonds,1,Japan20DF31908
Japan,H,21,DF,G?toku Sakai,3/14/1991,27,39,0,Hamburger SV,1,Japan21DF33311
Japan,H,22,DF,Maya Yoshida,8/24/1988,29,81,10,Southampton,1,Japan22DF32379
Japan,H,23,GK,Kosuke Nakamura,2/27/1995,23,3,0,Kashiwa Reysol,1,Japan23GK34757
Poland,H,1,GK,Wojciech Szcz?sny,4/18/1990,28,33,0,Juventus,1,Poland1GK32981
Poland,H,2,DF,Micha? Pazdan,9/21/1987,30,31,0,Legia Warsaw,1,Poland2DF32041
Poland,H,3,DF,Artur J?drzejczyk,11/4/1987,30,35,3,Legia Warsaw,1,Poland3DF32085
Poland,H,4,DF,Thiago Cionek,4/21/1986,32,17,0,SPAL,1,Poland4DF31523
Poland,H,5,DF,Jan Bednarek,4/12/1996,22,1,0,Southampton,1,Poland5DF35167
Poland,H,6,MF,Jacek Góralski,9/21/1992,25,3,0,Ludogorets Razgrad,1,Poland6MF33868
Poland,H,7,FW,Arkadiusz Milik,2/28/1994,24,38,12,Napoli,1,Poland7FW34393
Poland,H,8,MF,Karol Linetty,2/2/1995,23,19,1,Sampdoria,1,Poland8MF34732
Poland,H,9,FW,Robert Lewandowski (captain),8/21/1988,29,93,52,Bayern Munich,1,Poland9FW32376
Poland,H,10,MF,Grzegorz Krychowiak,1/29/1990,28,49,2,West Bromwich Albion,1,Poland10MF32902
Poland,H,11,MF,Kamil Grosicki,6/8/1988,29,56,12,Hull City,1,Poland11MF32302
Poland,H,12,GK,Bartosz Bia?kowski,7/6/1987,30,1,0,Ipswich Town,1,Poland12GK31964
Poland,H,13,MF,Maciej Rybus,8/19/1989,28,49,2,Lokomotiv Moscow,1,Poland13MF32739
Poland,H,14,FW,?ukasz Teodorczyk,6/3/1991,27,15,4,Anderlecht,1,Poland14FW33392
Poland,H,15,DF,Kamil Glik,2/3/1988,30,57,4,Monaco,1,Poland15DF32176
Poland,H,16,MF,Jakub B?aszczykowski,12/14/1985,32,97,19,VfL Wolfsburg,1,Poland16MF31395
Poland,H,17,MF,S?awomir Peszko,2/19/1985,33,43,2,Lechia Gda?sk,1,Poland17MF31097
Poland,H,18,DF,Bartosz Bereszy?ski,7/12/1992,25,6,0,Sampdoria,1,Poland18DF33797
Poland,H,19,MF,Piotr Zieli?ski,5/20/1994,24,31,4,Napoli,1,Poland19MF34474
Poland,H,20,DF,?ukasz Piszczek,6/3/1985,33,61,3,Borussia Dortmund,1,Poland20DF31201
Poland,H,21,MF,Rafa? Kurzawa,1/29/1993,25,3,0,Górnik Zabrze,1,Poland21MF33998
Poland,H,22,GK,?ukasz Fabia?ski,4/18/1985,33,43,0,Swansea City,1,Poland22GK31155
Poland,H,23,FW,Dawid Kownacki,3/14/1997,21,1,0,Sampdoria,1,Poland23FW35503
Senegal,H,1,GK,Abdoulaye Diallo,3/30/1992,26,16,0,Rennes,1,Senegal1GK33693
Senegal,H,2,DF,Saliou Ciss,6/15/1989,28,18,0,Valenciennes,1,Senegal2DF32674
Senegal,H,3,DF,Kalidou Koulibaly,6/20/1991,26,24,0,Napoli,1,Senegal3DF33409
Senegal,H,4,DF,Kara Mbodji,11/22/1989,28,51,5,Anderlecht,1,Senegal4DF32834
Senegal,H,5,MF,Idrissa Gueye,9/26/1989,28,59,1,Everton,1,Senegal5MF32777
Senegal,H,6,MF,Salif Sané,8/25/1990,27,20,0,Hannover 96,1,Senegal6MF33110
Senegal,H,7,FW,Moussa Sow,1/19/1986,32,50,18,Bursaspor,1,Senegal7FW31431
Senegal,H,8,MF,Cheikhou Kouyaté (captain),12/21/1989,28,47,2,West Ham United,1,Senegal8MF32863
Senegal,H,9,FW,Mame Biram Diouf,12/16/1987,30,47,10,Stoke City,1,Senegal9FW32127
Senegal,H,10,FW,Sadio Mané,4/10/1992,26,51,14,Liverpool,1,Senegal10FW33704
Senegal,H,11,MF,Cheikh N'Doye,3/29/1986,32,24,3,Birmingham City,1,Senegal11MF31500
Senegal,H,12,DF,Youssouf Sabaly,3/5/1993,25,3,0,Bordeaux,1,Senegal12DF34033
Senegal,H,13,MF,Alfred N'Diaye,3/6/1990,28,19,0,Wolverhampton Wanderers,1,Senegal13MF32938
Senegal,H,14,FW,Moussa Konaté,4/3/1993,25,27,9,Amiens,1,Senegal14FW34062
Senegal,H,15,FW,Diafra Sakho,12/24/1989,28,10,3,Rennes,1,Senegal15FW32866
Senegal,H,16,GK,Khadim N'Diaye,4/5/1985,33,25,0,Horoya,1,Senegal16GK31142
Senegal,H,17,MF,Badou Ndiaye,10/27/1990,27,18,1,Stoke City,1,Senegal17MF33173
Senegal,H,18,FW,Ismaïla Sarr,2/25/1998,20,14,2,Rennes,1,Senegal18FW35851
Senegal,H,19,FW,M'Baye Niang,12/19/1994,23,5,0,Torino,1,Senegal19FW34687
Senegal,H,20,FW,Keita Baldé,3/8/1995,23,17,3,Monaco,1,Senegal20FW34766
Senegal,H,21,DF,Lamine Gassama,10/20/1989,28,35,0,Alanyaspor,1,Senegal21DF32801
Senegal,H,22,DF,Moussa Wagué,10/4/1998,19,9,0,Eupen,1,Senegal22DF36072
Senegal,H,23,GK,Alfred Gomis,9/5/1993,24,1,0,SPAL,1,Senegal23GK34217
