Team,#,Pos.,FIFA Popular Name,Birth Date,Shirt Name,Club,Height,Weight,Index Field
Argentina,3,DF,TAGLIAFICO Nicolas,8/31/1992,TAGLIAFICO,AFC Ajax (NED),169,65,Argentina3DF33847
Argentina,22,MF,PAVON Cristian,1/21/1996,PAVÓN,CA Boca Juniors (ARG),169,65,Argentina22MF35085
Argentina,15,MF,LANZINI Manuel,2/15/1993,LANZINI,West Ham United FC (ENG),167,66,Argentina15MF34015
Argentina,18,DF,SALVIO Eduardo,7/13/1990,SALVIO,SL Benfica (POR),167,69,Argentina18DF33067
Argentina,10,FW,MESSI Lionel,6/24/1987,MESSI,FC Barcelona (ESP),170,72,Argentina10FW31952
Argentina,4,DF,ANSALDI Cristian,9/20/1986,ANSALDI,Torino FC (ITA),181,73,Argentina4DF31675
Argentina,5,MF,BIGLIA Lucas,1/30/1986,BIGLIA,AC Milan (ITA),175,73,Argentina5MF31442
Argentina,7,MF,BANEGA Ever,6/29/1988,BANEGA,Sevilla FC (ESP),175,73,Argentina7MF32323
Argentina,14,DF,MASCHERANO Javier,6/8/1984,MASCHERANO,Hebei China Fortune FC (CHN),174,73,Argentina14DF30841
Argentina,21,FW,DYBALA Paulo,11/15/1993,DYBALA,Juventus FC (ITA),177,73,Argentina21FW34288
Argentina,19,FW,AGUERO Sergio,6/2/1988,AGÜERO,Manchester City FC (ENG),172,74,Argentina19FW32296
Argentina,9,FW,HIGUAIN Gonzalo,12/10/1987,HIGUAÍN,Juventus FC (ITA),184,75,Argentina9FW32121
Argentina,11,MF,DI MARIA Angel,2/14/1988,DI MARÍA,Paris Saint-Germain FC (FRA),178,75,Argentina11MF32187
Argentina,20,MF,LO CELSO Giovani,4/9/1996,LO CELSO,Paris Saint-Germain FC (FRA),177,75,Argentina20MF35164
Argentina,13,MF,MEZA Maximiliano,12/15/1992,MEZA,CA Independiente (ARG),180,76,Argentina13MF33953
Argentina,8,DF,ACUNA Marcos,10/28/1991,ACUÑA,Sporting CP (POR),172,77,Argentina8DF33539
Argentina,23,GK,CABALLERO Wilfredo,9/28/1981,CABALLERO,Chelsea FC (ENG),186,80,Argentina23GK29857
Argentina,2,DF,MERCADO Gabriel,3/18/1987,MERCADO,Sevilla FC (ESP),181,81,Argentina2DF31854
Argentina,17,DF,OTAMENDI Nicolas,2/12/1988,OTAMENDI,Manchester City FC (ENG),181,81,Argentina17DF32185
Argentina,16,DF,ROJO Marcos,3/20/1990,ROJO,Manchester United FC (ENG),189,82,Argentina16DF32952
Argentina,6,DF,FAZIO Federico,3/17/1987,FAZIO,AS Roma (ITA),199,85,Argentina6DF31853
Argentina,12,GK,ARMANI Franco,10/16/1986,ARMANI,CA River Plate (ARG),189,85,Argentina12GK31701
Argentina,1,GK,GUZMAN Nahuel,2/10/1986,GUZMÁN,Tigres UANL (MEX),192,90,Argentina1GK31453
Australia,16,DF,BEHICH Aziz,12/16/1990,BEHICH,Bursaspor (TUR),170,63,Australia16DF33223
Australia,10,FW,KRUSE Robbie,10/5/1988,KRUSE,VfL Bochum (GER),180,66,Australia10FW32421
Australia,19,DF,RISDON Joshua,7/27/1992,RISDON,WS Wanderers FC (AUS),169,70,Australia19DF33812
Australia,3,DF,MEREDITH James,4/5/1988,MEREDITH,Millwall FC (ENG),179,71,Australia3DF32238
Australia,13,MF,MOOY Aaron,9/15/1990,MOOY,Huddersfield Town FC (ENG),173,72,Australia13MF33131
Australia,14,FW,MacLAREN Jamie,7/29/1993,MACLAREN,Hibernian FC (SCO),178,72,Australia14FW34179
Australia,21,FW,PETRATOS Dimitrios,11/10/1992,PETRATOS,Newcastle United Jets FC (AUS),176,72,Australia21FW33918
Australia,17,FW,ARZANI Daniel,1/4/1999,ARZANI,Melbourne City FC (AUS),171,73,Australia17FW36164
Australia,4,FW,CAHILL Tim,12/6/1979,CAHILL,Millwall FC (ENG),180,76,Australia4FW29195
Australia,8,MF,LUONGO Massimo,9/25/1992,LUONGO,Queens Park Rangers FC (ENG),176,76,Australia8MF33872
Australia,20,DF,SAINSBURY Trent,1/5/1992,SAINSBURY,Grasshopper Club (SUI),183,76,Australia20DF33608
Australia,22,MF,IRVINE Jackson,3/7/1993,IRVINE,Hull City FC (ENG),180,77,Australia22MF34035
Australia,5,DF,MILLIGAN Mark,8/4/1985,MILLIGAN,Al Ahli SC (KSA),178,78,Australia5DF31263
Australia,15,MF,JEDINAK Mile,8/3/1984,JEDINAK,Aston Villa FC (ENG),188,78,Australia15MF30897
Australia,9,FW,JURIC Tomi,7/22/1991,JURIC,FC Luzern (SUI),190,80,Australia9FW33441
Australia,1,GK,RYAN Mathew,4/8/1992,RYAN,Brighton & Hove Albion FC (ENG),184,82,Australia1GK33702
Australia,6,DF,JURMAN Matthew,12/8/1989,JURMAN,Suwon Samsung Bluewings FC (KOR),190,83,Australia6DF32850
Australia,7,FW,LECKIE Mathew,2/4/1991,LECKIE,Hertha BSC (GER),181,84,Australia7FW33273
Australia,2,DF,DEGENEK Milos,4/28/1994,DEGENEK,Yokohama F-Marinos (JPN),187,85,Australia2DF34452
Australia,11,FW,NABBOUT Andrew,12/17/1992,NABBOUT,Urawa Reds (JPN),178,85,Australia11FW33955
Australia,12,GK,JONES Brad,3/19/1982,JONES,Feyenoord Rotterdam (NED),193,87,Australia12GK30029
Australia,23,MF,ROGIC Tom,12/16/1992,ROGIC,Celtic FC (SCO),189,88,Australia23MF33954
Australia,18,GK,VUKOVIC Danny,3/27/1985,VUKOVIC,KRC Genk (BEL),187,94,Australia18GK31133
Belgium,14,FW,MERTENS Dries,5/6/1987,MERTENS,SSC Napoli (ITA),169,61,Belgium14FW31903
Belgium,11,MF,CARRASCO Yannick,9/4/1993,CARRASCO,Dalian Yifang FC (CHN),180,67,Belgium11MF34216
Belgium,7,MF,DE BRUYNE Kevin,6/28/1991,DE BRUYNE,Manchester City FC (ENG),181,70,Belgium7MF33417
Belgium,16,MF,HAZARD Thorgan,3/29/1993,T. HAZARD,VfL Borussia Mönchengladbach (GER),174,70,Belgium16MF34057
Belgium,17,MF,TIELEMANS Youri,5/7/1997,TIELEMANS,AS Monaco (FRA),176,72,Belgium17MF35557
Belgium,6,MF,WITSEL Axel,1/12/1989,WITSEL,Tianjin Quanjian FC (CHN),186,73,Belgium6MF32520
Belgium,10,FW,HAZARD Eden,1/7/1991,E. HAZARD,Chelsea FC (ENG),173,74,Belgium10FW33245
Belgium,18,FW,JANUZAJ Adnan,2/5/1995,JANUZAJ,Real Sociedad (ESP),180,75,Belgium18FW34735
Belgium,23,DF,DENDONCKER Leander,4/15/1995,DENDONCKER,RSC Anderlecht (BEL),188,76,Belgium23DF34804
Belgium,21,FW,BATSHUAYI Michy,10/2/1993,BATSHUAYI,Borussia Dortmund (GER),185,78,Belgium21FW34244
Belgium,3,DF,VERMAELEN Thomas,11/14/1985,VERMAELEN,FC Barcelona (ESP),183,80,Belgium3DF31365
Belgium,2,DF,ALDERWEIRELD Toby,3/2/1989,ALDERWEIRELD,Tottenham Hotspur FC (ENG),186,81,Belgium2DF32569
Belgium,19,MF,DEMBELE Moussa,7/16/1987,DEMBELE,Tottenham Hotspur FC (ENG),185,82,Belgium19MF31974
Belgium,20,DF,BOYATA Dedryck,11/28/1990,BOYATA,Celtic FC (SCO),188,84,Belgium20DF33205
Belgium,4,DF,KOMPANY Vincent,4/10/1986,KOMPANY,Manchester City FC (ENG),190,85,Belgium4DF31512
Belgium,8,MF,FELLAINI Marouane,11/22/1987,FELLAINI,Manchester United FC (ENG),194,85,Belgium8MF32103
Belgium,22,MF,CHADLI Nacer,8/2/1989,CHADLI,West Bromwich Albion FC (ENG),187,85,Belgium22MF32722
Belgium,5,DF,VERTONGHEN Jan,4/24/1987,VERTONGHEN,Tottenham Hotspur FC (ENG),189,86,Belgium5DF31891
Belgium,13,GK,CASTEELS Koen,6/25/1992,CASTEELS,VfL Wolfsburg (GER),197,86,Belgium13GK33780
Belgium,12,GK,MIGNOLET Simon,3/6/1988,MIGNOLET,Liverpool FC (ENG),193,87,Belgium12GK32208
Belgium,15,DF,MEUNIER Thomas,9/12/1991,MEUNIER,Paris Saint-Germain FC (FRA),190,88,Belgium15DF33493
Belgium,1,GK,COURTOIS Thibaut,5/11/1992,COURTOIS,Chelsea FC (ENG),199,91,Belgium1GK33735
Belgium,9,FW,LUKAKU Romelu,5/13/1993,R. LUKAKU,Manchester United FC (ENG),190,94,Belgium9FW34102
Brazil,18,MF,FRED,3/5/1993,FRED,FC Shakhtar Donetsk (UKR),169,64,Brazil18MF34033
Brazil,21,FW,TAISON,1/13/1988,TAISON,FC Shakhtar Donetsk (UKR),172,64,Brazil21FW32155
Brazil,17,MF,FERNANDINHO,5/4/1985,FERNANDINHO,Manchester City FC (ENG),179,67,Brazil17MF31171
Brazil,22,DF,FAGNER,6/11/1989,FAGNER,SC Corinthians (BRA),168,67,Brazil22DF32670
Brazil,10,FW,NEYMAR,2/5/1992,NEYMAR JR,Paris Saint-Germain FC (FRA),175,68,Brazil10FW33639
Brazil,11,MF,PHILIPPE COUTINHO,6/12/1992,P. COUTINHO,FC Barcelona (ESP),172,68,Brazil11MF33767
Brazil,7,FW,DOUGLAS COSTA,9/14/1990,D. COSTA,Juventus FC (ITA),182,70,Brazil7FW33130
Brazil,6,DF,FILIPE LUIS,8/9/1985,FILIPE LUIS,Atletico Madrid (ESP),182,73,Brazil6DF31268
Brazil,9,FW,GABRIEL JESUS,4/3/1997,G. JESUS,Manchester City FC (ENG),175,73,Brazil9FW35523
Brazil,13,DF,MARQUINHOS,5/14/1994,MARQUINHOS,Paris Saint-Germain FC (FRA),183,75,Brazil13DF34468
Brazil,20,FW,ROBERTO FIRMINO,10/2/1991,FIRMINO,Liverpool FC (ENG),181,76,Brazil20FW33513
Brazil,19,MF,WILLIAN,8/9/1988,WILLIAN,Chelsea FC (ENG),175,77,Brazil19MF32364
Brazil,3,DF,MIRANDA,9/7/1984,MIRANDA,FC Internazionale (ITA),186,78,Brazil3DF30932
Brazil,14,DF,DANILO,7/15/1991,DANILO,Manchester City FC (ENG),184,78,Brazil14DF33434
Brazil,2,DF,THIAGO SILVA,9/22/1984,T. SILVA,Paris Saint-Germain FC (FRA),183,79,Brazil2DF30947
Brazil,12,DF,MARCELO,5/12/1988,MARCELO,Real Madrid CF (ESP),174,80,Brazil12DF32275
Brazil,15,MF,PAULINHO,7/25/1988,PAULINHO,FC Barcelona (ESP),181,81,Brazil15MF32349
Brazil,4,DF,PEDRO GEROMEL,9/21/1985,GEROMEL,Grêmio FBPA (BRA),190,84,Brazil4DF31311
Brazil,5,MF,CASEMIRO,2/23/1992,CASEMIRO,Real Madrid CF (ESP),185,84,Brazil5MF33657
Brazil,8,MF,RENATO AUGUSTO,2/8/1988,R. AUGUSTO,Beijing Guoan (CHN),186,86,Brazil8MF32181
Brazil,23,GK,EDERSON,8/17/1993,EDERSON,Manchester City FC (ENG),188,86,Brazil23GK34198
Brazil,1,GK,ALISSON,10/2/1992,A. BECKER,AS Roma (ITA),193,91,Brazil1GK33879
Brazil,16,GK,CASSIO,6/6/1987,CASSIO,SC Corinthians (BRA),195,92,Brazil16GK31934
Colombia,20,MF,QUINTERO Juan,1/18/1993,J. QUINTERO,CA River Plate (ARG),169,64,Colombia20MF33987
Colombia,17,DF,MOJICA Johan,8/21/1992,J. MOJICA,Girona FC (ESP),185,66,Colombia17DF33837
Colombia,16,MF,LERMA Jefferson,10/25/1994,J. LERMA,Levante UD (ESP),179,70,Colombia16MF34632
Colombia,4,DF,ARIAS Santiago,1/13/1992,ARIAS,PSV Eindhoven (NED),177,71,Colombia4DF33616
Colombia,15,MF,URIBE Mateus,3/21/1991,M. URIBE,Club América (MEX),182,71,Colombia15MF33318
Colombia,9,FW,FALCAO Radamel,2/10/1986,FALCAO,AS Monaco (FRA),177,72,Colombia9FW31453
Colombia,11,MF,CUADRADO Juan,5/26/1988,CUADRADO,Juventus FC (ITA),179,72,Colombia11MF32289
Colombia,18,DF,FABRA Frank,2/22/1991,FABRA,CA Boca Juniors (ARG),172,72,Colombia18DF33291
Colombia,21,FW,IZQUIERDO Jose,7/7/1992,IZQUIERDO,Brighton & Hove Albion FC (ENG),171,73,Colombia21FW33792
Colombia,5,MF,BARRIOS  Wilmar,10/16/1993,BARRIOS,CA Boca Juniors (ARG),178,74,Colombia5MF34258
Colombia,19,FW,BORJA Miguel,1/26/1993,M. BORJA,SE Palmeiras (BRA),183,74,Colombia19FW33995
Colombia,10,MF,RODRIGUEZ James,7/12/1991,JAMES,FC Bayern München (GER),180,75,Colombia10MF33431
Colombia,7,FW,BACCA Carlos,9/8/1986,BACCA,Villarreal CF (ESP),181,77,Colombia7FW31663
Colombia,14,FW,MURIEL Luis,4/16/1991,L. MURIEL,Sevilla FC (ESP),178,79,Colombia14FW33344
Colombia,1,GK,OSPINA David,8/31/1988,OSPINA,Arsenal FC (ENG),183,80,Colombia1GK32386
Colombia,3,DF,MURILLO Oscar,4/18/1988,O. MURILLO,CF Pachuca (MEX),184,80,Colombia3DF32251
Colombia,12,GK,VARGAS Camilo,3/9/1989,C. VARGAS,AC Deportivo Cali (COL),185,80,Colombia12GK32576
Colombia,22,GK,CUADRADO Jose,6/1/1985,J.F. CUADRADO,CD Once Caldas (COL),180,80,Colombia22GK31199
Colombia,23,DF,SANCHEZ Davinson,6/12/1996,D. SANCHEZ,Tottenham Hotspur FC (ENG),187,81,Colombia23DF35228
Colombia,2,DF,ZAPATA Cristian,9/30/1986,C. ZAPATA,AC Milan (ITA),187,82,Colombia2DF31685
Colombia,6,MF,SANCHEZ Carlos,2/6/1986,C. SANCHEZ,RCD Espanyol (ESP),182,82,Colombia6MF31449
Colombia,8,MF,AGUILAR Abel,1/6/1985,AGUILAR T.,AC Deportivo Cali (COL),185,82,Colombia8MF31053
Colombia,13,DF,MINA Yerry,9/23/1994,Y. MINA,FC Barcelona (ESP),194,95,Colombia13DF34600
Costa Rica,7,MF,BOLANOS Christian,5/17/1984,C. BOLAÑOS,Deportivo Saprissa (CRC),178,67,Costa Rica7MF30819
Costa Rica,16,DF,GAMBOA Cristian,10/24/1989,C. GAMBOA,Celtic FC (SCO),175,67,Costa Rica16DF32805
Costa Rica,17,MF,TEJEDA Yeltsin,3/17/1992,Y. TEJEDA,FC Lausanne-Sport (SUI),179,67,Costa Rica17MF33680
Costa Rica,4,DF,SMITH Ian,3/6/1998,I. SMITH,IFK Norrkoping FK (SWE),177,68,Costa Rica4DF35860
Costa Rica,8,DF,OVIEDO Bryan,2/18/1990,B. OVIEDO,Sunderland AFC (ENG),172,70,Costa Rica8DF32922
Costa Rica,13,MF,WALLACE Rodney,6/17/1988,R. WALLACE,New York City FC (USA),180,70,Costa Rica13MF32311
Costa Rica,21,FW,URENA Marcos,3/5/1990,M. UREÑA,Los Angeles FC (USA),181,70,Costa Rica21FW32937
Costa Rica,22,DF,MATARRITA Ronald,7/9/1994,R. MATARRITA,New York City FC (USA),175,70,Costa Rica22DF34524
Costa Rica,23,GK,MOREIRA Leonel,4/2/1990,L. MOREIRA,CS Herediano (CRC),179,70,Costa Rica23GK32965
Costa Rica,12,FW,CAMPBELL Joel,6/26/1992,J. CAMPBELL,Real Betis (ESP),178,71,Costa Rica12FW33781
Costa Rica,18,GK,PEMBERTON Patrick,4/24/1982,P. PEMBERTON,LD Alajuelense (CRC),178,72,Costa Rica18GK30065
Costa Rica,10,MF,RUIZ Bryan,8/18/1985,BRYAN,Sporting CP (POR),187,73,Costa Rica10MF31277
Costa Rica,2,DF,ACOSTA Johnny,7/21/1983,J. ACOSTA,Rionegro Águilas (COL),176,75,Costa Rica2DF30518
Costa Rica,9,MF,COLINDRES Daniel,1/10/1985,D. COLINDRES,Deportivo Saprissa (CRC),180,75,Costa Rica9MF31057
Costa Rica,11,FW,VENEGAS Johan,11/27/1988,J. VENEGAS,Deportivo Saprissa (CRC),183,76,Costa Rica11FW32474
Costa Rica,3,DF,GONZALEZ Giancarlo,2/8/1988,G. GONZALEZ,Bologna FC (ITA),186,78,Costa Rica3DF32181
Costa Rica,15,DF,CALVO Francisco,7/8/1992,F. CALVO,Minnesota United FC (USA),180,78,Costa Rica15DF33793
Costa Rica,20,MF,GUZMAN David,2/18/1990,D. GUZMAN,Portland Timbers (USA),176,78,Costa Rica20MF32922
Costa Rica,5,MF,BORGES Celso,5/27/1988,C. BORGES,Deportivo La Coruña (ESP),187,79,Costa Rica5MF32290
Costa Rica,1,GK,NAVAS Keylor,12/15/1986,K. NAVAS,Real Madrid CF (ESP),185,80,Costa Rica1GK31761
Costa Rica,6,DF,DUARTE Oscar,6/3/1989,O. DUARTE,RCD Espanyol (ESP),186,81,Costa Rica6DF32662
Costa Rica,14,MF,AZOFEIFA Randall,12/30/1984,R. AZOFEIFA,CS Herediano (CRC),182,83,Costa Rica14MF31046
Costa Rica,19,DF,WASTON Kendall,1/1/1988,K. WASTON,Vancouver Whitecaps FC (CAN),196,87,Costa Rica19DF32143
Croatia,10,MF,MODRIC Luka,9/9/1985,MODRI?,Real Madrid CF (ESP),172,66,Croatia10MF31299
Croatia,11,MF,BROZOVIC Marcelo,11/16/1992,BROZOVI?,FC Internazionale (ITA),181,68,Croatia11MF33924
Croatia,22,DF,PIVARIC Josip,1/30/1989,PIVARI?,FC Dynamo Kyiv (UKR),176,69,Croatia22DF32538
Croatia,9,FW,KRAMARIC Andrej,6/19/1991,KRAMARI?,TSG 1899 Hoffenheim (GER),177,73,Croatia9FW33408
Croatia,2,DF,VRSALJKO Sime,1/10/1992,VRSALJKO,Atletico Madrid (ESP),181,76,Croatia2DF33613
Croatia,19,MF,BADELJ Milan,2/25/1989,BADELJ,ACF Fiorentina (ITA),186,76,Croatia19MF32564
Croatia,21,DF,VIDA Domagoj,4/29/1989,VIDA,Besiktas JK (TUR),184,76,Croatia21DF32627
Croatia,3,DF,STRINIC Ivan,7/17/1987,STRINI?,UC Sampdoria (ITA),186,78,Croatia3DF31975
Croatia,7,MF,RAKITIC Ivan,3/10/1988,RAKITI?,FC Barcelona (ESP),184,78,Croatia7MF32212
Croatia,8,MF,KOVACIC Mateo,5/6/1994,KOVA?I?,Real Madrid CF (ESP),178,78,Croatia8MF34460
Croatia,14,MF,BRADARIC Filip,1/11/1992,BRADARI?,HNK Rijeka (CRO),186,78,Croatia14MF33614
Croatia,18,FW,REBIC Ante,9/21/1993,REBI?,Eintracht Frankfurt (GER),185,78,Croatia18FW34233
Croatia,4,FW,PERISIC Ivan,2/2/1989,PERIŠI?,FC Internazionale (ITA),186,81,Croatia4FW32541
Croatia,13,DF,JEDVAJ Tin,11/28/1995,JEDVAJ,Bayer 04 Leverkusen (GER),184,81,Croatia13DF35031
Croatia,16,FW,KALINIC Nikola,1/5/1988,N. KALINI?,AC Milan (ITA),187,81,Croatia16FW32147
Croatia,1,GK,LIVAKOVIC Dominik,1/9/1995,LIVAKOVI?,GNK Dinamo Zagreb (CRO),188,82,Croatia1GK34708
Croatia,20,FW,PJACA Marko,5/6/1995,PJACA,FC Schalke 04 (GER),186,83,Croatia20FW34825
Croatia,5,DF,CORLUKA Vedran,2/5/1986,?ORLUKA,FC Lokomotiv Moscow (RUS),192,84,Croatia5DF31448
Croatia,6,DF,LOVREN Dejan,7/5/1989,LOVREN,Liverpool FC (ENG),188,84,Croatia6DF32694
Croatia,23,GK,SUBASIC Danijel,10/27/1984,SUBAŠI?,AS Monaco (FRA),191,84,Croatia23GK30982
Croatia,17,FW,MANDZUKIC Mario,5/21/1986,MANDŽUKI?,Juventus FC (ITA),190,85,Croatia17FW31553
Croatia,15,DF,CALETA-CAR Duje,9/17/1996,?ALETA-CAR,FC Red Bull Salzburg (AUT),192,89,Croatia15DF35325
Croatia,12,GK,KALINIC Lovre,4/3/1990,L. KALINI?,KAA Gent (BEL),201,96,Croatia12GK32966
Denmark,2,MF,KROHN-DEHLI Michael,6/6/1983,KROHN-DEHLI,Deportivo La Coruña (ESP),171,69,Denmark2MF30473
Denmark,23,FW,SISTO Pione,2/4/1995,SISTO,Celta Vigo (ESP),173,69,Denmark23FW34734
Denmark,11,FW,BRAITHWAITE Martin,6/5/1991,BRAITHWAITE,FC Girondins Bordeaux (FRA),180,73,Denmark11FW33394
Denmark,10,MF,ERIKSEN Christian,2/14/1992,ERIKSEN,Tottenham Hotspur FC (ENG),181,76,Denmark10MF33648
Denmark,8,MF,DELANEY Thomas,9/3/1991,DELANEY,SV Werder Bremen (GER),180,78,Denmark8MF33484
Denmark,7,MF,KVIST William,2/24/1985,KVIST,FC Kobenhavn (DEN),185,80,Denmark7MF31102
Denmark,15,FW,FISCHER Viktor,6/9/1994,FISCHER,FC Kobenhavn (DEN),181,80,Denmark15FW34494
Denmark,19,MF,SCHONE Lasse,5/27/1986,SCHÖNE,AFC Ajax (NED),178,80,Denmark19MF31559
Denmark,14,DF,DALSGAARD Henrik,7/27/1989,DALSGAARD,Brentford FC (ENG),190,81,Denmark14DF32716
Denmark,5,DF,KNUDSEN Jonas,9/16/1992,KNUDSEN,Ipswich Town FC (ENG),187,82,Denmark5DF33863
Denmark,17,DF,STRYGER LARSEN Jens,2/21/1991,STRYGER,Udinese Calcio (ITA),182,82,Denmark17DF33290
Denmark,4,DF,KJAER Simon,3/26/1989,KJÆR,Sevilla FC (ESP),191,84,Denmark4DF32593
Denmark,20,FW,POULSEN Yussuf Yurary,6/15/1994,YURARY,RB Leipzig (GER),193,84,Denmark20FW34500
Denmark,6,DF,CHRISTENSEN Andreas,4/10/1996,CHRISTENSEN,Chelsea FC (ENG),192,85,Denmark6DF35165
Denmark,12,FW,DOLBERG Kasper,10/6/1997,DOLBERG,AFC Ajax (NED),187,85,Denmark12FW35709
Denmark,13,DF,JORGENSEN Mathias,4/23/1990,M. JØRGENSEN,Huddersfield Town FC (ENG),191,85,Denmark13DF32986
Denmark,18,MF,LERAGER Lukas,7/12/1993,LERAGER,FC Girondins Bordeaux (FRA),186,85,Denmark18MF34162
Denmark,22,GK,RONNOW Frederik,8/4/1992,RØNNOW,Brondby IF (DEN),190,85,Denmark22GK33820
Denmark,9,FW,JORGENSEN Nicolai,1/15/1991,N. JØRGENSEN,Feyenoord Rotterdam (NED),194,86,Denmark9FW33253
Denmark,16,GK,LOSSL Jonas,2/1/1989,LÖSSL,Huddersfield Town FC (ENG),195,90,Denmark16GK32540
Denmark,21,FW,CORNELIUS Andreas,3/16/1993,CORNELIUS,Atalanta Bergamo (ITA),195,91,Denmark21FW34044
Denmark,1,GK,SCHMEICHEL Kasper,11/5/1986,SCHMEICHEL,Leicester City FC (ENG),190,92,Denmark1GK31721
Denmark,3,DF,VESTERGAARD Jannik,8/3/1992,VESTERGAARD,VfL Borussia Mönchengladbach (GER),200,98,Denmark3DF33819
Egypt,8,MF,TAREK HAMED,10/24/1988,TAREK HAMED,Zamalek (EGY),169,67,Egypt8MF32440
Egypt,4,MF,OMAR GABER,1/30/1992,O. GABER,Los Angeles FC (USA),175,71,Egypt4MF33633
Egypt,10,FW,MOHAMED SALAH,6/15/1992,M SALAH,Liverpool FC (ENG),175,71,Egypt10FW33770
Egypt,13,DF,MOHAMED ABDELSHAFY,7/1/1985,ABDELSHAFY,Al Fateh FC (KSA),171,72,Egypt13DF31229
Egypt,15,DF,MAHMOUD HAMDY,6/1/1995,M. HAMDY,Zamalek (EGY),173,72,Egypt15DF34851
Egypt,12,DF,AYMAN ASHRAF,4/9/1991,A. ASHRAF,Al Ahly SC (EGY),176,73,Egypt12DF33337
Egypt,17,MF,MOHAMED ELNENY,7/11/1992,M. ELNENY,Arsenal FC (ENG),181,74,Egypt17MF33796
Egypt,5,MF,SAM MORSY,9/10/1991,MORSY,Wigan Athletic FC (ENG),173,75,Egypt5MF33491
Egypt,19,MF,ABDALLA SAID,7/13/1985,ABDALLA,Kuopion PS (FIN),176,75,Egypt19MF31241
Egypt,3,DF,AHMED ELMOHAMADY,9/9/1987,ELMOHAMADY,Aston Villa FC (ENG),183,76,Egypt3DF32029
Egypt,7,DF,AHMED FATHI,11/10/1984,A. FATHI,Al Ahly SC (EGY),176,76,Egypt7DF30996
Egypt,11,FW,KAHRABA,4/13/1994,M. KAHRABA,Al-Ittihad FC (KSA),182,76,Egypt11FW34437
Egypt,14,FW,RAMADAN SOBHY,1/23/1997,RAMADAN,Stoke City FC (ENG),183,77,Egypt14FW35453
Egypt,21,MF,TREZEGUET,10/1/1994,M. TREZEGUET,Kasimpasa SK (TUR),181,77,Egypt21MF34608
Egypt,22,FW,AMR WARDA,9/17/1993,WARDA,Atromitos FC (GRE),179,77,Egypt22FW34229
Egypt,18,FW,SHIKABALA,3/5/1986,SHIKABALA,Al Raed SC (KSA),183,80,Egypt18FW31476
Egypt,9,FW,MARWAN MOHSEN,2/26/1989,MARWAN,Al Ahly SC (EGY),185,81,Egypt9FW32565
Egypt,20,DF,SAMIR SAAD,4/1/1989,S. SAMIR,Al Ahly SC (EGY),183,82,Egypt20DF32599
Egypt,23,GK,MOHAMED ELSHENAWY,12/18/1988,M. ELSHENAWY,Al Ahly SC (EGY),191,86,Egypt23GK32495
Egypt,2,DF,ALI GABR,1/1/1989,ALI GABR,West Bromwich Albion FC (ENG),191,88,Egypt2DF32509
Egypt,1,GK,ESSAM EL HADARY,1/15/1973,ELHADARY,Al Taawoun FC (KSA),190,90,Egypt1GK26679
Egypt,16,GK,SHERIF EKRAMY,7/10/1983,EKRAMY,Al Ahly SC (EGY),193,93,Egypt16GK30507
Egypt,6,DF,AHMED HEGAZY,1/25/1991,A. HEGAZY,West Bromwich Albion FC (ENG),194,95,Egypt6DF33263
England,7,MF,LINGARD Jesse,12/15/1992,LINGARD,Manchester United FC (ENG),175,60,England7MF33953
England,10,FW,STERLING Raheem,12/8/1994,STERLING,Manchester City FC (ENG),170,70,England10FW34676
England,22,DF,ALEXANDER-ARNOLD Trent,10/7/1998,ALEXANDER-ARNOLD,Liverpool FC (ENG),175,70,England22DF36075
England,1,GK,PICKFORD Jordan,3/7/1994,PICKFORD,Everton FC (ENG),185,72,England1GK34400
England,5,DF,STONES John,5/28/1994,STONES,Manchester City FC (ENG),188,72,England5DF34482
England,12,DF,TRIPPIER Kieran,9/19/1990,TRIPPIER,Tottenham Hotspur FC (ENG),178,72,England12DF33135
England,16,DF,JONES Phil,2/21/1992,JONES,Manchester United FC (ENG),182,72,England16DF33655
England,21,MF,LOFTUS-CHEEK Ruben,1/23/1996,LOFTUS-CHEEK,Chelsea FC (ENG),190,73,England21MF35087
England,3,DF,ROSE Danny,7/2/1990,ROSE,Tottenham Hotspur FC (ENG),173,76,England3DF33056
England,20,MF,ALLI Dele,4/11/1996,DELE,Tottenham Hotspur FC (ENG),188,76,England20MF35166
England,23,GK,POPE Nick,4/19/1992,POPE,Burnley FC (ENG),191,76,England23GK33713
England,14,FW,WELBECK Danny,11/26/1990,WELBECK,Arsenal FC (ENG),184,78,England14FW33203
England,17,DF,DELPH Fabian,11/21/1989,DELPH,Manchester City FC (ENG),174,78,England17DF32833
England,18,DF,YOUNG Ashley,7/9/1985,YOUNG,Manchester United FC (ENG),175,78,England18DF31237
England,19,FW,RASHFORD Marcus,10/31/1997,RASHFORD,Manchester United FC (ENG),180,78,England19FW35734
England,11,FW,VARDY Jamie,1/11/1987,VARDY,Leicester City FC (ENG),178,80,England11FW31788
England,8,MF,HENDERSON Jordan,6/17/1990,HENDERSON,Liverpool FC (ENG),183,82,England8MF33041
England,2,DF,WALKER Kyle,5/28/1990,WALKER,Manchester City FC (ENG),178,83,England2DF33021
England,15,DF,CAHILL Gary,12/19/1985,CAHILL,Chelsea FC (ENG),191,85,England15DF31400
England,4,MF,DIER Eric,1/15/1994,DIER,Tottenham Hotspur FC (ENG),188,90,England4MF34349
England,13,GK,BUTLAND Jack,3/10/1993,BUTLAND,Stoke City FC (ENG),196,96,England13GK34038
England,6,DF,MAGUIRE Harry,3/5/1993,MAGUIRE,Leicester City FC (ENG),193,98,England6DF34033
England,9,FW,KANE Harry,7/28/1993,KANE,Tottenham Hotspur FC (ENG),188,98,England9FW34178
France,8,FW,LEMAR Thomas,11/12/1995,LEMAR,AS Monaco (FRA),172,65,France8FW35015
France,11,FW,DEMBELE Ousmane,5/15/1997,DEMBELE,FC Barcelona (ESP),178,70,France11FW35565
France,13,MF,KANTE Ngolo,3/29/1991,KANTE,Chelsea FC (ENG),168,70,France13MF33326
France,7,FW,GRIEZMANN Antoine,3/21/1991,GRIEZMANN,Atletico Madrid (ESP),174,72,France7FW33318
France,14,MF,MATUIDI Blaise,4/9/1987,MATUIDI,Juventus FC (ITA),180,74,France14MF31876
France,2,DF,PAVARD Benjamin,3/28/1996,PAVARD,VfB Stuttgart (GER),186,76,France2DF35152
France,18,FW,FEKIR Nabil,7/18/1993,FEKIR,Olympique Lyon (FRA),173,76,France18FW34168
France,20,FW,THAUVIN Florian,1/26/1993,THAUVIN,Olympique Marseille (FRA),180,76,France20FW33995
France,21,DF,HERNANDEZ Lucas,2/14/1996,HERNANDEZ,Atletico Madrid (ESP),183,76,France21DF35109
France,3,DF,KIMPEMBE Presnel,8/13/1995,KIMPEMBE,Paris Saint-Germain FC (FRA),182,78,France3DF34924
France,10,FW,MBAPPE Kylian,12/20/1998,MBAPPE,Paris Saint-Germain FC (FRA),178,78,France10FW36149
France,4,DF,VARANE Raphael,4/25/1993,VARANE,Real Madrid CF (ESP),191,79,France4DF34084
France,19,DF,SIDIBE Djibril,7/29/1992,SIDIBE,AS Monaco (FRA),184,81,France19DF33814
France,1,GK,LLORIS Hugo,12/26/1986,LLORIS,Tottenham Hotspur FC (ENG),188,82,France1GK31772
France,12,MF,TOLISSO Corentin,8/3/1994,TOLISSO,FC Bayern München (GER),180,82,France12MF34549
France,5,DF,UMTITI Samuel,11/14/1993,UMTITI,FC Barcelona (ESP),183,84,France5DF34287
France,22,DF,MENDY Benjamin,7/17/1994,MENDY,Manchester City FC (ENG),183,84,France22DF34532
France,6,MF,POGBA Paul,3/15/1993,POGBA,Manchester United FC (ENG),191,86,France6MF34043
France,15,MF,NZONZI Steven,12/15/1988,NZONZI,Sevilla FC (ESP),197,87,France15MF32492
France,16,GK,MANDANDA Steve,3/28/1985,MANDANDA,Olympique Marseille (FRA),187,88,France16GK31134
France,17,DF,RAMI Adil,12/27/1985,RAMI,Olympique Marseille (FRA),190,90,France17DF31408
France,9,FW,GIROUD Olivier,9/30/1986,GIROUD,Chelsea FC (ENG),193,91,France9FW31685
France,23,GK,AREOLA Alphonse,2/27/1993,AREOLA,Paris Saint-Germain FC (FRA),195,95,France23GK34027
Germany,11,FW,REUS Marco,5/31/1989,REUS,Borussia Dortmund (GER),180,67,Germany11FW32659
Germany,10,MF,OEZIL Mesut,10/15/1988,ÖZIL,Arsenal FC (ENG),180,70,Germany10MF32431
Germany,18,DF,KIMMICH Joshua,2/8/1995,KIMMICH,FC Bayern München (GER),176,72,Germany18DF34738
Germany,7,MF,DRAXLER Julian,9/20/1993,DRAXLER,Paris Saint-Germain FC (FRA),185,74,Germany7MF34232
Germany,19,MF,RUDY Sebastian,2/28/1990,RUDY,FC Bayern München (GER),179,74,Germany19MF32932
Germany,3,DF,HECTOR Jonas,5/27/1990,HECTOR,1. FC Köln (GER),185,75,Germany3DF33020
Germany,9,FW,WERNER Timo,3/6/1996,WERNER,RB Leipzig (GER),181,75,Germany9FW35130
Germany,13,MF,MUELLER Thomas,9/13/1989,MÜLLER,FC Bayern München (GER),186,75,Germany13MF32764
Germany,2,DF,PLATTENHARDT Marvin,1/26/1992,PLATTENHARDT,Hertha BSC (GER),181,76,Germany2DF33629
Germany,14,MF,GORETZKA Leon,2/6/1995,GORETZKA,FC Schalke 04 (GER),189,76,Germany14MF34736
Germany,8,MF,KROOS Toni,1/4/1990,KROOS,Real Madrid CF (ESP),182,78,Germany8MF32877
Germany,21,MF,GUENDOGAN Ilkay,10/24/1990,GÜNDOGAN,Manchester City FC (ENG),180,79,Germany21MF33170
Germany,6,MF,KHEDIRA Sami,4/4/1987,KHEDIRA,Juventus FC (ITA),189,81,Germany6MF31871
Germany,20,MF,BRANDT Julian,5/2/1996,BRANDT,Bayer 04 Leverkusen (GER),183,82,Germany20MF35187
Germany,23,FW,GOMEZ Mario,7/10/1985,GOMEZ,VfB Stuttgart (GER),189,82,Germany23FW31238
Germany,4,DF,GINTER Matthias,1/19/1994,GINTER,VfL Borussia Mönchengladbach (GER),189,85,Germany4DF34353
Germany,16,DF,RUEDIGER Antonio,3/3/1993,RÜDIGER,Chelsea FC (ENG),191,85,Germany16DF34031
Germany,22,GK,TER STEGEN Marc-Andre,4/30/1992,TER STEGEN,FC Barcelona (ESP),187,85,Germany22GK33724
Germany,12,GK,TRAPP Kevin,7/8/1990,TRAPP,Paris Saint-Germain FC (FRA),189,88,Germany12GK33062
Germany,15,DF,SUELE Niklas,9/3/1995,SÜLE,FC Bayern München (GER),195,89,Germany15DF34945
Germany,5,DF,HUMMELS Mats,12/16/1988,HUMMELS,FC Bayern München (GER),192,90,Germany5DF32493
Germany,17,DF,BOATENG Jerome,9/3/1988,BOATENG,FC Bayern München (GER),192,90,Germany17DF32389
Germany,1,GK,NEUER Manuel,3/27/1986,NEUER,FC Bayern München (GER),193,93,Germany1GK31498
Iceland,23,DF,SKULASON Ari,5/14/1987,A. SKÚLASON,KSC Lokeren (BEL),170,63,Iceland23DF31911
Iceland,21,MF,TRAUSTASON Arnor,4/30/1993,TRAUSTASON,Malmö FF (SWE),183,73,Iceland21MF34089
Iceland,2,DF,SAEVARSSON Birkir,11/11/1984,SÆVARSSON,Valur Reykjavik (ISL),186,75,Iceland2DF30997
Iceland,13,GK,RUNARSSON Runar,2/18/1995,RÚNARSSON,FC Nordsjaelland (DEN),186,76,Iceland13GK34748
Iceland,7,MF,GUDMUNDSSON Johann,10/27/1990,J. GUDMUNDSSON,Burnley FC (ENG),179,77,Iceland7MF33173
Iceland,8,MF,BJARNASON Birkir,5/27/1988,B. BJARNASON,Aston Villa FC (ENG),183,77,Iceland8MF32290
Iceland,3,MF,FRIDJONSSON Samuel,2/22/1996,FRIDJÓNSSON,Valerenga IF (NOR),185,78,Iceland3MF35117
Iceland,19,MF,GISLASON Rurik,2/25/1988,GISLASON,SV Sandhausen (GER),184,78,Iceland19MF32198
Iceland,11,FW,FINNBOGASON Alfred,2/1/1989,FINNBOGASON,FC Augsburg (GER),185,79,Iceland11FW32540
Iceland,16,MF,SKULASON Olafur,4/1/1983,Ó. SKÚLASON,Karabukspor (TUR),184,79,Iceland16MF30407
Iceland,4,MF,GUDMUNDSSON Albert,6/15/1997,A. GUDMUNDSSON,PSV Eindhoven (NED),177,80,Iceland4MF35596
Iceland,5,DF,INGASON Sverrir,8/5/1993,INGASON,FC Rostov (RUS),188,80,Iceland5DF34186
Iceland,15,DF,EYJOLFSSON Holmar,8/6/1990,EYJÓLFSSON,Levski Sofia (BUL),188,81,Iceland15DF33091
Iceland,10,MF,SIGURDSSON Gylfi,9/8/1989,G. SIGURDSSON,Everton FC (ENG),186,82,Iceland10MF32759
Iceland,14,DF,ARNASON Kari,10/13/1982,ARNASON,Aberdeen FC (SCO),191,82,Iceland14DF30237
Iceland,9,FW,SIGURDARSON Bjorn,2/26/1991,SIGURDARSON,FC Rostov (RUS),187,85,Iceland9FW33295
Iceland,18,DF,MAGNUSSON Hordur,2/11/1993,MAGNÚSSON,Bristol City FC (ENG),191,85,Iceland18DF34011
Iceland,6,DF,SIGURDSSON Ragnar,6/19/1986,R. SIGURDSSON,FC Rostov (RUS),187,86,Iceland6DF31582
Iceland,17,MF,GUNNARSSON Aron,4/22/1989,GUNNARSSON,Cardiff City FC (WAL),181,86,Iceland17MF32620
Iceland,20,MF,HALLFREDSSON Emil,6/29/1984,HALLFREDSSON,Udinese Calcio (ITA),186,86,Iceland20MF30862
Iceland,1,GK,HALLDORSSON Hannes,4/27/1984,HALLDORSSON,Randers FC (DEN),193,88,Iceland1GK30799
Iceland,22,FW,BODVARSSON Jon,5/25/1992,BÖDVARSSON,Reading FC (ENG),189,89,Iceland22FW33749
Iceland,12,GK,SCHRAM Frederik,1/19/1995,SCHRAM,Roskilde BK (DEN),198,92,Iceland12GK34718
Iran,5,DF,MOHAMMADI Milad,9/29/1993,M. MOHAMMADI,FC Akhmat Grozny (RUS),178,69,Iran5DF34241
Iran,2,MF,TORABI Mehdi,9/10/1994,M. TORABI,Saipa Alborz FC (IRN),185,71,Iran2MF34587
Iran,11,MF,AMIRI Vahid,4/2/1988,V. AMIRI,Persepolis FC (IRN),179,71,Iran11MF32235
Iran,3,DF,HAJI SAFI Ehsan,2/25/1990,HAJI SAFI,Olympiacos Piraeus FC (GRE),178,75,Iran3DF32929
Iran,9,MF,EBRAHIMI Omid,9/16/1987,OMID,Esteghlal Tehran FC (IRN),178,75,Iran9MF32036
Iran,23,DF,REZAEIAN Ramin,3/21/1990,RAMIN,KV Oostende (BEL),185,75,Iran23DF32953
Iran,15,DF,MONTAZERI Pejman,9/6/1983,P. MONTAZERI,Esteghlal Tehran FC (IRN),185,77,Iran15DF30565
Iran,18,FW,JAHANBAKHSH Alireza,8/11/1993,A. JAHANBAKHSH,AZ Alkmaar (NED),180,77,Iran18FW34192
Iran,19,DF,HOSSEINI Majid,6/20/1996,M. HOSSEINI,Esteghlal Tehran FC (IRN),183,78,Iran19DF35236
Iran,21,FW,DEJAGAH Ashkan,7/5/1986,DEJAGAH,Nottingham Forest FC (ENG),181,78,Iran21FW31598
Iran,7,MF,SHOJAEI Masoud,6/9/1984,SHOJAEI M.,AEK Athens (GRE),187,79,Iran7MF30842
Iran,14,FW,GHODDOS  Saman,9/6/1993,GHODDOS,IFK Östersund FK (SWE),177,79,Iran14FW34218
Iran,16,FW,GHOOCHANNEJHAD Reza,9/20/1987,REZA,SC Heerenveen (NED),180,79,Iran16FW32040
Iran,4,DF,CHESHMI Roozbeh,7/24/1993,R. CHESHMI,Esteghlal Tehran FC (IRN),192,80,Iran4DF34174
Iran,10,FW,ANSARIFARD Karim,4/3/1990,KARIM,Olympiacos Piraeus FC (GRE),187,80,Iran10FW32966
Iran,13,DF,KHANZADEH Mohammad Reza,5/11/1991,M.R. KHANZADEH,Padideh FC (IRN),186,80,Iran13DF33369
Iran,17,FW,TAREMI Mehdi,7/18/1992,MEHDI,Al Gharafa SC (QAT),187,80,Iran17FW33803
Iran,20,FW,AZMOUN Sardar,1/1/1995,SARDAR,FC Rubin Kazan (RUS),186,80,Iran20FW34700
Iran,22,GK,ABEDZADEH Amir,4/26/1993,ABEDZADEH,CS Maritimo (POR),186,80,Iran22GK34085
Iran,6,MF,EZATOLAHI Saeid,10/1/1996,S. EZATOLAHI,FK Amkar Perm (RUS),190,82,Iran6MF35339
Iran,8,DF,POURALIGANJI Morteza,4/19/1992,M. POURALIGANJI,Al Sadd SC (QAT),187,83,Iran8DF33713
Iran,12,GK,MAZAHERI Rashid,5/18/1989,RASHID,Zob Ahan Isfahan FC (IRN),192,84,Iran12GK32646
Iran,1,GK,BEIRANVAND Ali,9/21/1992,A. BEIRANVAND,Persepolis FC (IRN),194,85,Iran1GK33868
Japan,14,MF,INUI Takashi,6/2/1988,INUI,SD Eibar (ESP),169,59,Japan14MF32296
Japan,7,MF,SHIBASAKI Gaku,5/28/1992,SHIBASAKI,Getafe CF (ESP),175,64,Japan7MF33752
Japan,18,MF,OSHIMA Ryota,1/23/1993,OHSHIMA,Kawasaki Frontale (JPN),168,64,Japan18MF33992
Japan,5,DF,NAGATOMO Yuto,9/12/1986,NAGATOMO,Galatasaray SK (TUR),170,68,Japan5DF31667
Japan,8,MF,HARAGUCHI Genki,5/9/1991,HARAGUCHI,Fortuna Düsseldorf (GER),178,68,Japan8MF33367
Japan,10,MF,KAGAWA Shinji,3/17/1989,KAGAWA,Borussia Dortmund (GER),175,68,Japan10MF32584
Japan,9,FW,OKAZAKI Shinji,4/16/1986,OKAZAKI,Leicester City FC (ENG),174,70,Japan9FW31518
Japan,19,DF,SAKAI Hiroki,4/12/1990,H. SAKAI,Olympique Marseille (FRA),183,70,Japan19DF32975
Japan,15,FW,OSAKO Yuya,5/18/1990,OSAKO,1. FC Köln (GER),182,71,Japan15FW33011
Japan,11,MF,USAMI Takashi,5/6/1992,USAMI,Fortuna Düsseldorf (GER),178,72,Japan11MF33730
Japan,13,FW,MUTO Yoshinori,7/15/1992,MUTO,FSV Mainz 05 (GER),179,72,Japan13FW33800
Japan,16,MF,YAMAGUCHI Hotaru,10/6/1990,YAMAGUCHI,Cerezo Osaka (JPN),173,72,Japan16MF33152
Japan,17,MF,HASEBE Makoto,1/18/1984,HASEBE,Eintracht Frankfurt (GER),180,72,Japan17MF30699
Japan,23,GK,NAKAMURA Kosuke,2/27/1995,NAKAMURA,Kashiwa Reysol (JPN),184,72,Japan23GK34757
Japan,1,GK,KAWASHIMA Eiji,3/20/1983,KAWASHIMA,FC Metz (FRA),185,74,Japan1GK30395
Japan,3,DF,SHOJI Gen,12/11/1992,SHOJI,Kashima Antlers (JPN),182,74,Japan3DF33949
Japan,4,MF,HONDA Keisuke,6/13/1986,HONDA,CF Pachuca (MEX),182,74,Japan4MF31576
Japan,21,DF,SAKAI Gotoku,3/14/1991,G. SAKAI,Hamburger SV (GER),176,74,Japan21DF33311
Japan,6,DF,ENDO Wataru,2/9/1993,ENDO,Urawa Reds (JPN),178,75,Japan6DF34009
Japan,20,DF,MAKINO Tomoaki,5/11/1987,MAKINO,Urawa Reds (JPN),182,77,Japan20DF31908
Japan,12,GK,HIGASHIGUCHI Masaaki,5/12/1986,HIGASHIGUCHI,Gamba Osaka (JPN),184,78,Japan12GK31544
Japan,22,DF,YOSHIDA Maya,8/24/1988,YOSHIDA,Southampton FC (ENG),189,78,Japan22DF32379
Japan,2,DF,UEDA Naomichi,10/24/1994,UEDA,Kashima Antlers (JPN),186,79,Japan2DF34631
South Korea,10,MF,LEE Seungwoo,1/6/1998,S W LEE,Hellas Verona FC (ITA),170,63,South Korea10MF35801
South Korea,22,DF,GO Yohan,3/10/1988,Y H GO,FC Seoul (KOR),170,65,South Korea22DF32212
South Korea,14,DF,HONG Chul,9/17/1990,C HONG,Sangju Sangmu FC (KOR),176,67,South Korea14DF33133
South Korea,18,MF,MOON Seonmin,6/9/1992,S M MOON,Incheon United FC (KOR),172,68,South Korea18MF33764
South Korea,12,DF,KIM Minwoo,2/25/1990,M W KIM,Sangju Sangmu FC (KOR),172,69,South Korea12DF32929
South Korea,8,MF,JU Sejong,10/30/1990,S J JU,Asan Mugunghwa FC (KOR),176,70,South Korea8MF33176
South Korea,17,MF,LEE Jaesung,8/10/1992,J S LEE,Jeonbuk Hyundai (KOR),180,70,South Korea17MF33826
South Korea,6,DF,PARK Jooho,1/16/1987,J H PARK,Ulsan Hyundai FC (KOR),174,71,South Korea6DF31793
South Korea,13,MF,KOO Jacheol,2/27/1989,J C KOO,FC Augsburg (GER),182,73,South Korea13MF32566
South Korea,2,DF,LEE Yong,12/24/1986,Y LEE,Jeonbuk Hyundai (KOR),180,74,South Korea2DF31770
South Korea,3,DF,JUNG Seunghyun,4/3/1994,S H JUNG,Sagan Tosu FC (JPN),188,74,South Korea3DF34427
South Korea,19,DF,KIM Younggwon,2/27/1990,Y G KIM,Guangzhou Evergrande FC (CHN),184,74,South Korea19DF32931
South Korea,16,MF,KI Sungyueng,1/24/1989,S Y KI,Swansea City AFC (WAL),186,75,South Korea16MF32532
South Korea,23,GK,JO Hyeonwoo,9/25/1991,H W JO,Daegu FC (KOR),189,75,South Korea23GK33506
South Korea,7,FW,SON Heungmin,7/8/1992,H M SON,Tottenham Hotspur FC (ENG),183,76,South Korea7FW33793
South Korea,11,FW,HWANG Heechan,1/26/1996,H C HWANG,FC Red Bull Salzburg (AUT),177,77,South Korea11FW35090
South Korea,20,DF,JANG Hyunsoo,9/28/1991,H S JANG,FC Tokyo (JPN),187,77,South Korea20DF33509
South Korea,5,DF,YUN Youngsun,10/4/1988,Y S YUN,Seongnam FC (KOR),185,78,South Korea5DF32420
South Korea,15,MF,JUNG Wooyoung,12/14/1989,W Y JUNG,Vissel Kobe (JPN),186,78,South Korea15MF32856
South Korea,4,DF,OH Bansuk,5/20/1988,B S OH,Jeju United (KOR),189,79,South Korea4DF32283
South Korea,1,GK,KIM Seunggyu,9/30/1990,S G KIM,Vissel Kobe (JPN),187,80,South Korea1GK33146
South Korea,21,GK,KIM Jinhyeon,7/6/1987,J H KIM,Cerezo Osaka (JPN),193,82,South Korea21GK31964
South Korea,9,FW,KIM Shinwook,4/14/1988,S W KIM,Jeonbuk Hyundai (KOR),197,97,South Korea9FW32247
Mexico,20,MF,AQUINO Javier,2/11/1990,J. AQUINO,Tigres UANL (MEX),166,59,Mexico20MF32915
Mexico,18,MF,GUARDADO Andres,9/28/1986,A. GUARDADO,Real Betis (ESP),167,63,Mexico18MF31683
Mexico,22,FW,LOZANO Hirving,7/30/1995,H. LOZANO,PSV Eindhoven (NED),176,66,Mexico22FW34910
Mexico,6,MF,DOS SANTOS Jonathan,4/26/1990,J. DOS SANTOS,LA Galaxy (USA),173,69,Mexico6MF32989
Mexico,17,MF,CORONA Jesus,1/6/1993,JESÚS C.,FC Porto (POR),174,69,Mexico17MF33975
Mexico,8,FW,FABIAN Marco,7/21/1989,M. FABIÁN,Eintracht Frankfurt (GER),171,70,Mexico8FW32710
Mexico,10,MF,DOS SANTOS Giovani,5/11/1989,G. DOS SANTOS,LA Galaxy (USA),178,70,Mexico10MF32639
Mexico,14,FW,HERNANDEZ Javier,6/1/1988,J. HERNÁNDEZ,West Ham United FC (ENG),175,71,Mexico14FW32295
Mexico,7,MF,LAYUN Miguel,6/25/1988,M. LAYÚN,Sevilla FC (ESP),180,72,Mexico7MF32319
Mexico,19,FW,PERALTA Oribe,1/12/1984,O. PERALTA,Club América (MEX),178,72,Mexico19FW30693
Mexico,21,DF,ALVAREZ Edson,10/24/1997,E. ÁLVAREZ,Club América (MEX),186,72,Mexico21DF35727
Mexico,23,MF,GALLARDO Jesus,8/15/1994,J. GALLARDO,Pumas UNAM (MEX),177,74,Mexico23MF34561
Mexico,13,GK,OCHOA Guillermo,7/13/1985,G. OCHOA,Standard Liège (BEL),185,76,Mexico13GK31241
Mexico,4,DF,MARQUEZ Rafael,2/13/1979,R. MÁRQUEZ,CF Atlas (MEX),184,77,Mexico4DF28899
Mexico,5,DF,REYES Diego,9/19/1992,D. REYES,FC Porto (POR),190,77,Mexico5DF33866
Mexico,11,FW,VELA Carlos,3/1/1989,CARLOS V,Los Angeles FC (USA),178,78,Mexico11FW32568
Mexico,9,FW,JIMENEZ Raul,5/5/1991,RAÚL,SL Benfica (POR),188,79,Mexico9FW33363
Mexico,16,DF,HERRERA Hector,4/19/1990,H. HERRERA,FC Porto (POR),180,79,Mexico16DF32982
Mexico,1,GK,CORONA Jose,1/26/1981,J. CORONA,Cruz Azul (MEX),182,80,Mexico1GK29612
Mexico,2,DF,AYALA Hugo,3/31/1987,H. AYALA,Tigres UANL (MEX),188,82,Mexico2DF31867
Mexico,15,DF,MORENO Hector,1/17/1988,H. MORENO,Real Sociedad (ESP),182,82,Mexico15DF32159
Mexico,3,DF,SALCEDO Carlos,9/29/1993,C. SALCEDO,Eintracht Frankfurt (GER),189,83,Mexico3DF34241
Mexico,12,GK,TALAVERA Alfredo,9/18/1982,A. TALAVERA,Deportivo Toluca FC (MEX),188,84,Mexico12GK30212
Morocco,14,MF,BOUSSOUFA Mbark,8/15/1984,BOUSSOUFA,Al Jazira (UAE),167,59,Morocco14MF30909
Morocco,2,DF,HAKIMI Achraf,11/4/1998,HAKIMI,Real Madrid CF (ESP),179,65,Morocco2DF36103
Morocco,18,MF,HARIT Amine,6/18/1997,HARIT,FC Schalke 04 (GER),179,66,Morocco18MF35599
Morocco,23,MF,CARCELA Mehdi,7/1/1989,CARCELA,Standard Liège (BEL),176,67,Morocco23MF32690
Morocco,3,DF,MENDYL Hamza,10/21/1997,MENDYL,Lille OSC (FRA),179,70,Morocco3DF35724
Morocco,7,MF,ZIYACH Hakim,3/19/1993,ZIYACH,AFC Ajax (NED),180,70,Morocco7MF34047
Morocco,22,GK,TAGNAOUTI Ahmed,4/5/1996,TAGNAOUTI,IRT Tanger (MAR),186,70,Morocco22GK35160
Morocco,9,FW,EL KAABI Ayoub,6/25/1993,EL KAABI,RS Berkane (MAR),182,72,Morocco9FW34145
Morocco,11,MF,FAJR Faycal,8/1/1988,FAJR,Getafe CF (ESP),178,72,Morocco11MF32356
Morocco,10,MF,BELHANDA Younes,2/25/1990,BELHANDA,Galatasaray SK (TUR),174,75,Morocco10MF32929
Morocco,15,MF,AIT BENNASSER Youssef,7/7/1996,AIT BENNASSER,SM Caen (FRA),184,75,Morocco15MF35253
Morocco,19,FW,EN NESYRI Youssef,6/1/1997,EN-NESYRI,Malaga CF (ESP),188,75,Morocco19FW35582
Morocco,6,DF,SAISS Romain,3/26/1990,SAISS,Wolverhampton Wanderers FC (ENG),190,76,Morocco6DF32958
Morocco,1,GK,BOUNOU Yassine,4/5/1991,BOUNOU,Girona FC (ESP),190,77,Morocco1GK33333
Morocco,16,MF,AMRABAT Noureddine,3/31/1987,N. AMRABAT,CD Leganés (ESP),178,77,Morocco16MF31867
Morocco,21,MF,AMRABAT Sofyan,8/21/1996,S. AMRABAT,Feyenoord Rotterdam (NED),183,77,Morocco21MF35298
Morocco,4,DF,DA COSTA Manuel,5/6/1986,DA COSTA,Istanbul Ba?ak?ehir FK (TUR),187,78,Morocco4DF31538
Morocco,8,MF,EL AHMADI Karim,1/27/1985,EL AHMADI,Feyenoord Rotterdam (NED),179,78,Morocco8MF31074
Morocco,13,FW,BOUTAIB Khalid,4/24/1987,BOUTAIB,Yeni Malatyaspor (TUR),190,80,Morocco13FW31891
Morocco,20,FW,BOUHADDOUZ Aziz,3/30/1987,BOUHADDOUZ,FC St. Pauli (GER),188,80,Morocco20FW31866
Morocco,17,DF,DIRAR Nabil,2/25/1986,DIRAR,Fenerbahce SK (TUR),187,82,Morocco17DF31468
Morocco,5,DF,BENATIA Mehdi,4/17/1987,BENATIA,Juventus FC (ITA),188,88,Morocco5DF31884
Morocco,12,GK,EL KAJOUI Monir,5/10/1989,EL KAJOUI,CD Numancia (ESP),190,88,Morocco12GK32638
Nigeria,7,FW,MUSA Ahmed,10/14/1992,MUSA,CSKA Moscow (RUS),173,65,Nigeria7FW33891
Nigeria,4,MF,NDIDI Onyinye,12/16/1996,NDIDI,Leicester City FC (ENG),184,73,Nigeria4MF35415
Nigeria,8,MF,ETEBO Oghenekaro,11/9/1995,ETEBO,UD Las Palmas (ESP),174,74,Nigeria8MF35012
Nigeria,17,MF,ONAZI Ogenyi,12/25/1992,ONAZI,Trabzonspor (TUR),172,74,Nigeria17MF33963
Nigeria,21,DF,EBUEHI Tyronne,12/16/1995,EBUEHI,ADO Den Haag (NED),187,74,Nigeria21DF35049
Nigeria,2,DF,IDOWU Bryan,5/18/1992,IDOWU,FK Amkar Perm (RUS),179,75,Nigeria2DF33742
Nigeria,11,FW,MOSES Victor,12/12/1990,MOSES,Chelsea FC (ENG),177,75,Nigeria11FW33219
Nigeria,12,DF,SHEHU Abdullahi,3/12/1993,SHEHU,Bursaspor (TUR),182,75,Nigeria12DF34040
Nigeria,20,DF,AWAZIEM Chidozie,1/1/1997,AWAZIEM,FC Nantes (FRA),192,76,Nigeria20DF35431
Nigeria,15,MF,OBI Joel,5/22/1991,OBI,Torino FC (ITA),177,77,Nigeria15MF33380
Nigeria,1,GK,EZENWA Ikechukwu,10/16/1988,EZENWA,Enyimba FC (NGA),181,80,Nigeria1GK32432
Nigeria,14,FW,IHEANACHO Kelechi,3/10/1996,IHEANACHO,Leicester City FC (ENG),183,80,Nigeria14FW35134
Nigeria,3,DF,ECHIEJILE Elderson,1/20/1988,ECHIEJILE,Cercle Brugge (BEL),185,82,Nigeria3DF32162
Nigeria,10,MF,MIKEL John Obi,4/22/1987,MIKEL,Tianjin Teda (CHN),188,82,Nigeria10MF31889
Nigeria,22,DF,OMERUO Kenneth,10/17/1993,OMERUO,Kasimpasa SK (TUR),185,82,Nigeria22DF34259
Nigeria,9,FW,IGHALO Odion,6/16/1989,IGHALO,Changchun Yatai (CHN),188,83,Nigeria9FW32675
Nigeria,5,DF,EKONG William,9/1/1993,EKONG,Bursaspor (TUR),191,85,Nigeria5DF34213
Nigeria,18,FW,IWOBI Alex,5/3/1996,IWOBI,Arsenal FC (ENG),185,86,Nigeria18FW35188
Nigeria,6,DF,BALOGUN Leon,6/28/1988,BALOGUN,FSV Mainz 05 (GER),190,89,Nigeria6DF32322
Nigeria,13,FW,NWANKWO Simeon,5/7/1992,NWANKWO,FC Crotone (ITA),197,89,Nigeria13FW33731
Nigeria,19,MF,OGU John,4/20/1988,OGU,Hapoel Be'er Sheva FC (ISR),191,90,Nigeria19MF32253
Nigeria,23,GK,UZOHO Francis,10/28/1998,UZOHO,Deportivo La Coruña (ESP),196,91,Nigeria23GK36096
Nigeria,16,GK,AKPEYI Daniel,3/8/1986,AKPEYI,Chippa United FC (RSA),187,94,Nigeria16GK31479
Panama,19,MF,QUINTERO Alberto,12/18/1987,QUINTERO,Universitario Lima (PER),165,62,Panama19MF32129
Panama,1,GK,PENEDO Jaime,9/26/1981,PENEDO,Dinamo Bucharest (ROU),183,70,Panama1GK29855
Panama,8,MF,BARCENAS Edgar,10/23/1993,BARCENAS,Cafetaleros de Tapachula (MEX),175,72,Panama8MF34265
Panama,10,FW,DIAZ Ismael,5/12/1997,DIAZ,Deportivo La Coruña (ESP),181,72,Panama10FW35562
Panama,11,MF,COOPER Armando,11/26/1987,COOPER,Club Universidad de Chile (CHI),173,72,Panama11MF32107
Panama,17,DF,OVALLE Luis,9/7/1988,OVALLE,CD Olimpia (HON),178,75,Panama17DF32393
Panama,9,FW,TORRES Gabriel,10/31/1988,G. TORRES,CD Huachipato (CHI),180,77,Panama9FW32447
Panama,21,MF,RODRIGUEZ Jose Luis,6/19/1998,J. RODRIGUEZ,KAA Gent (BEL),180,77,Panama21MF35965
Panama,2,DF,MURILLO Michael,2/11/1996,MURILLO,New York Red Bulls (USA),183,78,Panama2DF35106
Panama,13,DF,MACHADO Adolfo,2/14/1985,MACHADO,Houston Dynamo (USA),182,78,Panama13DF31092
Panama,14,MF,PIMENTEL Valentin,5/30/1991,PIMENTEL,Plaza Amador (PAN),189,80,Panama14MF33388
Panama,15,DF,DAVIS Eric,3/31/1991,DAVIS,DAC Dunajska Streda (SVK),180,81,Panama15DF33328
Panama,4,DF,ESCOBAR Fidel,1/9/1995,ESCOBAR,New York Red Bulls (USA),182,82,Panama4DF34708
Panama,6,MF,GOMEZ Gabriel,5/29/1984,GOMEZ,Atlético Bucaramanga (COL),183,82,Panama6MF30831
Panama,16,FW,ARROYO Abdiel,12/13/1993,ARROYO,LD Alajuelense (CRC),183,82,Panama16FW34316
Panama,20,MF,GODOY Anibal,2/10/1990,GODOY,San Jose Earthquakes (USA),183,82,Panama20MF32914
Panama,7,FW,PEREZ Blas,3/13/1981,PEREZ,CSD Municipal (GUA),187,83,Panama7FW29658
Panama,22,GK,RODRIGUEZ Alex,8/5/1990,RODRIGUEZ,San Francisco FC (PAN),197,83,Panama22GK33090
Panama,12,GK,CALDERON Jose,8/14/1985,CALDERON,Chorrillo FC (PAN),187,87,Panama12GK31273
Panama,18,FW,TEJADA Luis,3/28/1982,TEJADA,Sport Boys (PER),183,87,Panama18FW30038
Panama,23,DF,BALOY Felipe,2/24/1981,BALOY,CSD Municipal (GUA),185,87,Panama23DF29641
Panama,3,DF,CUMMINGS Harold,3/1/1992,CUMMINGS,San Jose Earthquakes (USA),183,92,Panama3DF33664
Panama,5,DF,TORRES Roman,3/20/1986,R. TORRES,Seattle Sounders FC (USA),188,99,Panama5DF31491
Peru,7,MF,HURTADO Paolo,7/27/1990,HURTADO,Vitoria Guimaraes (POR),174,66,Peru7MF33081
Peru,11,FW,RUIDIAZ Raul,7/25/1990,RUIDIAZ,CA Monarcas Morelia (MEX),169,67,Peru11FW33079
Peru,22,DF,LOYOLA Nilson,10/26/1994,LOYOLA,FBC Melgar (PER),179,68,Peru22DF34633
Peru,8,MF,CUEVA Christian,11/23/1991,CUEVA,Sao Paulo FC (BRA),169,69,Peru8MF33565
Peru,19,MF,YOTUN Yoshimar,4/7/1990,YOTUN,Orlando City SC (USA),172,69,Peru19MF32970
Peru,14,MF,POLO Andy,9/29/1994,POLO,Portland Timbers (USA),174,71,Peru14MF34606
Peru,23,MF,AQUINO Pedro,4/13/1995,AQUINO,Lobos BUAP (MEX),174,71,Peru23MF34802
Peru,15,DF,RAMOS Christian,11/4/1988,RAMOS,CD Tiburones Rojos de Veracruz (MEX),182,72,Peru15DF32451
Peru,20,FW,FLORES Edison,5/14/1994,FLORES,Aalborg BK (DEN),170,72,Peru20FW34468
Peru,6,DF,TRAUCO Miguel,8/25/1992,TRAUCO,CR Flamengo (BRA),169,74,Peru6DF33841
Peru,3,DF,CORZO Aldo,5/20/1989,CORZO,Universitario Lima (PER),172,75,Peru3DF32648
Peru,16,MF,CARTAGENA Wilder,9/23/1994,CARTAGENA,CD Tiburones Rojos de Veracruz (MEX),179,76,Peru16MF34600
Peru,5,DF,ARAUJO Miguel,10/24/1994,ARAUJO,Alianza Lima (PER),178,77,Peru5DF34631
Peru,18,FW,CARRILLO Andre,6/14/1991,CARRILLO,Watford FC (ENG),182,77,Peru18FW33403
Peru,2,DF,RODRIGUEZ Alberto,3/31/1984,RODRIGUEZ,Atletico Junior (COL),179,78,Peru2DF30772
Peru,12,GK,CACEDA Carlos,9/27/1991,CACEDA,Deportivo Municipal (PER),184,78,Peru12GK33508
Peru,1,GK,GALLESE Pedro,2/23/1990,GALLESE,CD Tiburones Rojos de Veracruz (MEX),189,79,Peru1GK32927
Peru,17,DF,ADVINCULA Luis,3/2/1990,ADVINCULA,Lobos BUAP (MEX),178,80,Peru17DF32934
Peru,4,DF,SANTAMARIA Anderson,1/10/1992,SANTAMARIA,Puebla FC (MEX),183,84,Peru4DF33613
Peru,21,GK,CARVALLO Jose,3/1/1986,CARVALLO,Universidad Técnica de Cajamarca (PER),182,84,Peru21GK31472
Peru,10,FW,FARFAN Jefferson,10/26/1984,FARFAN,FC Lokomotiv Moscow (RUS),177,85,Peru10FW30981
Peru,13,MF,TAPIA Renato,7/28/1995,TAPIA,Feyenoord Rotterdam (NED),185,85,Peru13MF34908
Peru,9,FW,GUERRERO Paolo,1/1/1984,GUERRERO,CR Flamengo (BRA),185,88,Peru9FW30682
Poland,19,MF,ZIELINSKI Piotr,5/20/1994,ZIELINSKI,SSC Napoli (ITA),177,64,Poland19MF34474
Poland,6,MF,GORALSKI Jacek,9/21/1992,GORALSKI,PFC Ludogorets Razgrad (BUL),172,66,Poland6MF33868
Poland,17,MF,PESZKO Slawomir,2/19/1985,PESZKO,Lechia Gdansk (POL),173,68,Poland17MF31097
Poland,16,MF,BLASZCZYKOWSKI Jakub,12/14/1985,BLASZCZYKOWSKI,VfL Wolfsburg (GER),175,71,Poland16MF31395
Poland,18,DF,BERESZYNSKI Bartosz,7/12/1992,BERESZYNSKI,UC Sampdoria (ITA),182,72,Poland18DF33797
Poland,8,MF,LINETTY Karol,2/2/1995,LINETTY,UC Sampdoria (ITA),176,73,Poland8MF34732
Poland,21,MF,KURZAWA Rafal,1/29/1993,KURZAWA,Gornik Zabrze (POL),182,73,Poland21MF33998
Poland,13,MF,RYBUS Maciej,8/19/1989,RYBUS,FC Lokomotiv Moscow (RUS),173,75,Poland13MF32739
Poland,23,FW,KOWNACKI Dawid,3/14/1997,KOWNACKI,UC Sampdoria (ITA),185,75,Poland23FW35503
Poland,5,DF,BEDNAREK Jan,4/12/1996,BEDNAREK,Southampton FC (ENG),189,77,Poland5DF35167
Poland,2,DF,PAZDAN Michal,9/21/1987,PAZDAN,Legia Warsaw (POL),181,78,Poland2DF32041
Poland,3,DF,JEDRZEJCZYK Artur,11/4/1987,JEDRZEJCZYK,Legia Warsaw (POL),189,78,Poland3DF32085
Poland,11,MF,GROSICKI Kamil,6/8/1988,GROSICKI,Hull City FC (ENG),180,78,Poland11MF32302
Poland,14,FW,TEODORCZYK Lukasz,6/3/1991,TEODORCZYK,RSC Anderlecht (BEL),185,78,Poland14FW33392
Poland,9,FW,LEWANDOWSKI Robert,8/21/1988,LEWANDOWSKI,FC Bayern München (GER),185,79,Poland9FW32376
Poland,20,DF,PISZCZEK Lukasz,6/3/1985,PISZCZEK,Borussia Dortmund (GER),184,79,Poland20DF31201
Poland,15,DF,GLIK Kamil,2/3/1988,GLIK,AS Monaco (FRA),190,80,Poland15DF32176
Poland,4,DF,CIONEK Thiago,4/21/1986,CIONEK,SPAL Ferrara (ITA),184,81,Poland4DF31523
Poland,7,FW,MILIK Arkadiusz,2/28/1994,MILIK,SSC Napoli (ITA),186,81,Poland7FW34393
Poland,10,MF,KRYCHOWIAK Grzegorz,1/29/1990,KRYCHOWIAK,West Bromwich Albion FC (ENG),186,83,Poland10MF32902
Poland,12,GK,BIALKOWSKI Bartosz,7/6/1987,BIALKOWSKI,Ipswich Town FC (ENG),194,83,Poland12GK31964
Poland,22,GK,FABIANSKI Lukasz,4/18/1985,FABIANSKI,Swansea City AFC (WAL),190,83,Poland22GK31155
Poland,1,GK,SZCZESNY Wojciech,4/18/1990,SZCZESNY,Juventus FC (ITA),195,84,Poland1GK32981
Portugal,8,MF,JOAO MOUTINHO,9/8/1986,J. MOUTINHO,AS Monaco (FRA),170,61,Portugal8MF31663
Portugal,18,FW,GELSON MARTINS,5/11/1995,GELSON,Sporting CP (POR),173,63,Portugal18FW34830
Portugal,5,DF,RAPHAEL GUERREIRO,12/22/1993,RAPHAEL,Borussia Dortmund (GER),170,64,Portugal5DF34325
Portugal,16,MF,BRUNO FERNANDES,9/8/1994,B. FERNANDES,Sporting CP (POR),183,64,Portugal16MF34585
Portugal,11,MF,BERNARDO SILVA,8/10/1994,BERNARDO,Manchester City FC (ENG),173,65,Portugal11MF34556
Portugal,19,DF,MARIO RUI,5/27/1991,MÁRIO RUI,SSC Napoli (ITA),168,67,Portugal19DF33385
Portugal,21,DF,CEDRIC,8/31/1991,CÉDRIC,Southampton FC (ENG),172,67,Portugal21DF33481
Portugal,4,MF,MANUEL FERNANDES,2/5/1986,M. FERNANDES,FC Lokomotiv Moscow (RUS),174,69,Portugal4MF31448
Portugal,15,DF,RICARDO,10/6/1993,RICARDO,FC Porto (POR),174,70,Portugal15DF34248
Portugal,17,FW,GONCALO GUEDES,11/29/1996,G. GUEDES,Valencia CF (ESP),179,72,Portugal17FW35398
Portugal,23,MF,ADRIEN SILVA,3/15/1989,ADRIEN,Leicester City FC (ENG),176,72,Portugal23MF32582
Portugal,10,MF,JOAO MARIO,1/19/1993,J. MÁRIO,West Ham United FC (ENG),179,73,Portugal10MF33988
Portugal,20,FW,RICARDO QUARESMA,9/26/1983,QUARESMA,Besiktas JK (TUR),175,73,Portugal20FW30585
Portugal,9,FW,ANDRE SILVA,11/6/1995,ANDRÉ SILVA,AC Milan (ITA),184,78,Portugal9FW35009
Portugal,22,GK,BETO,5/1/1982,BETO,Goztepe SK (TUR),183,79,Portugal22GK30072
Portugal,7,FW,CRISTIANO RONALDO,2/5/1985,RONALDO,Real Madrid CF (ESP),185,80,Portugal7FW31083
Portugal,14,MF,WILLIAM,4/7/1992,WILLIAM,Sporting CP (POR),190,80,Portugal14MF33701
Portugal,3,DF,PEPE,2/26/1983,PEPE,Besiktas JK (TUR),188,81,Portugal3DF30373
Portugal,12,GK,ANTHONY LOPES,10/1/1990,LOPES,Olympique Lyon (FRA),184,81,Portugal12GK33147
Portugal,2,DF,BRUNO ALVES,11/27/1981,B. ALVES,Rangers FC (SCO),187,83,Portugal2DF29917
Portugal,13,DF,RUBEN DIAS,5/14/1997,RUBEN DIAS,SL Benfica (POR),187,83,Portugal13DF35564
Portugal,1,GK,RUI PATRICIO,2/15/1988,RUI PATRICIO,Sporting CP (POR),189,84,Portugal1GK32188
Portugal,6,DF,JOSE FONTE,12/22/1983,FONTE,Dalian Yifang FC (CHN),191,84,Portugal6DF30672
Russia,16,MF,MIRANCHUK Anton,10/17/1995,MIRANCHUK AN.,FC Lokomotiv Moscow (RUS),182,67,Russia16MF34989
Russia,6,MF,CHERYSHEV Denis,12/26/1990,CHERYSHEV,Villarreal CF (ESP),173,68,Russia6MF33233
Russia,17,MF,GOLOVIN Aleksandr,5/30/1996,GOLOVIN,CSKA Moscow (RUS),178,70,Russia17MF35215
Russia,23,DF,SMOLNIKOV Igor,8/8/1988,SMOLNIKOV,FC Zenit St. Petersburg (RUS),179,72,Russia23DF32363
Russia,9,MF,DZAGOEV Alan,6/17/1990,DZAGOEV,CSKA Moscow (RUS),178,73,Russia9MF33041
Russia,7,MF,KUZIAEV Daler,1/15/1993,KUZIAEV,FC Zenit St. Petersburg (RUS),182,74,Russia7MF33984
Russia,19,MF,SAMEDOV Alexander,7/19/1984,SAMEDOV,FC Spartak Moscow (RUS),178,74,Russia19MF30882
Russia,8,MF,GAZINSKY Iury,7/20/1989,GAZINSKII,FC Krasnodar (RUS),180,75,Russia8MF32709
Russia,18,MF,ZHIRKOV Yury,8/20/1983,ZHIRKOV,FC Zenit St. Petersburg (RUS),180,76,Russia18MF30548
Russia,11,MF,ZOBNIN Roman,2/11/1994,ZOBNIN,FC Spartak Moscow (RUS),185,77,Russia11MF34376
Russia,15,MF,MIRANCHUK Alexey,10/17/1995,MIRANCHUK AL.,FC Lokomotiv Moscow (RUS),185,77,Russia15MF34989
Russia,13,DF,KUDRIASHOV Fedor,4/5/1987,KUDRIASHOV,FC Rubin Kazan (RUS),187,78,Russia13DF31872
Russia,2,DF,MARIO FERNANDES,9/19/1990,FERNANDES,CSKA Moscow (RUS),187,79,Russia2DF33135
Russia,10,FW,SMOLOV Fedor,2/9/1990,SMOLOV,FC Krasnodar (RUS),185,79,Russia10FW32913
Russia,21,MF,EROKHIN Aleksandr,10/13/1989,EROKHIN,FC Zenit St. Petersburg (RUS),191,79,Russia21MF32794
Russia,12,GK,LUNEV Andrei,11/13/1991,LUNEV,FC Zenit St. Petersburg (RUS),189,80,Russia12GK33555
Russia,14,DF,GRANAT Vladimir,5/22/1987,GRANAT,FC Rubin Kazan (RUS),184,80,Russia14DF31919
Russia,20,GK,GABULOV Vladimir,10/19/1983,GABULOV,Club Brugge KV (BEL),190,81,Russia20GK30608
Russia,3,DF,KUTEPOV Ilya,7/29/1993,KUTEPOV,FC Spartak Moscow (RUS),190,82,Russia3DF34179
Russia,1,GK,AKINFEEV Igor,4/8/1986,AKINFEEV,CSKA Moscow (RUS),185,83,Russia1GK31510
Russia,4,DF,IGNASHEVICH Sergey,7/14/1979,IGNASHEVICH,CSKA Moscow (RUS),186,84,Russia4DF29050
Russia,5,DF,SEMENOV Andrey,3/24/1989,SEMENOV,FC Akhmat Grozny (RUS),191,87,Russia5DF32591
Russia,22,FW,DZYUBA Artem,8/22/1988,DZYUBA,FC Arsenal Tula (RUS),196,90,Russia22FW32377
Saudi Arabia,6,DF,MOHAMMED ALBURAYK,9/15/1992,ALBURAYK,Al Hilal SFC (KSA),173,61,Saudi Arabia6DF33862
Saudi Arabia,7,MF,SALMAN ALFARAJ,8/1/1989,SALMAN,Al Hilal SFC (KSA),179,63,Saudi Arabia7MF32721
Saudi Arabia,8,MF,YAHIA ALSHEHRI,6/26/1990,YAHIA,CD Leganés (ESP),165,63,Saudi Arabia8MF33050
Saudi Arabia,13,DF,YASIR ALSHAHRANI,5/25/1992,YASIR,Al Hilal SFC (KSA),170,63,Saudi Arabia13DF33749
Saudi Arabia,19,FW,FAHAD ALMUWALLAD,9/14/1994,FAHAD,Levante UD (ESP),168,65,Saudi Arabia19FW34591
Saudi Arabia,9,MF,HATAN BAHBIR,7/16/1992,HATAN,Al Shabab FC (KSA),170,66,Saudi Arabia9MF33801
Saudi Arabia,14,MF,ABDULLAH OTAYF,8/3/1992,OTAYF,Al Hilal SFC (KSA),177,66,Saudi Arabia14MF33819
Saudi Arabia,15,MF,ABDULLAH ALKHAIBARI,8/16/1996,ALKHAIBARI,Al Shabab FC (KSA),175,66,Saudi Arabia15MF35293
Saudi Arabia,2,DF,MANSOUR ALHARBI,10/19/1987,MANSOUR,Al Ahli SC (KSA),173,68,Saudi Arabia2DF32069
Saudi Arabia,18,MF,SALEM ALDAWSARI,8/19/1991,SALEM,Villarreal CF (ESP),174,68,Saudi Arabia18MF33469
Saudi Arabia,17,MF,TAISEER ALJASSAM,7/25/1984,TAISEER,Al Ahli SC (KSA),169,69,Saudi Arabia17MF30888
Saudi Arabia,11,MF,ABDULMALEK ALKHAIBRI,3/13/1986,ABDULMALEK,Al Hilal SFC (KSA),177,73,Saudi Arabia11MF31484
Saudi Arabia,12,MF,MOHAMED KANNO,9/22/1994,KANNO,Al Hilal SFC (KSA),192,73,Saudi Arabia12MF34599
Saudi Arabia,10,FW,MOHAMMED ALSAHLAWI,1/10/1987,ALSAHLAWI,Al Nassr FC (KSA),179,75,Saudi Arabia10FW31787
Saudi Arabia,5,DF,OMAR OTHMAN,9/27/1985,OMAR,Al Nassr FC (KSA),185,76,Saudi Arabia5DF31317
Saudi Arabia,16,MF,HUSSAIN ALMOQAHWI,3/24/1988,HUSSAIN,Al Ahli SC (KSA),174,76,Saudi Arabia16MF32226
Saudi Arabia,20,FW,MUHANNAD ASIRI,10/14/1986,MUHANNAD,Al Ahli SC (KSA),185,79,Saudi Arabia20FW31699
Saudi Arabia,22,GK,MOHAMMED ALOWAIS,10/10/1991,ALOWAIS,Al Ahli SC (KSA),187,79,Saudi Arabia22GK33521
Saudi Arabia,23,DF,MOTAZ HAWSAWI,2/17/1992,MOTAZ,Al Ahli SC (KSA),180,79,Saudi Arabia23DF33651
Saudi Arabia,3,DF,OSAMA HAWSAWI,3/31/1984,OSAMA,Al Hilal SFC (KSA),188,83,Saudi Arabia3DF30772
Saudi Arabia,4,DF,ALI ALBULAYHI,11/21/1989,ALI,Al Hilal SFC (KSA),182,83,Saudi Arabia4DF32833
Saudi Arabia,21,GK,YASSER ALMOSAILEM,2/27/1984,ALMOSAILEM,Al Ahli SC (KSA),186,88,Saudi Arabia21GK30739
Saudi Arabia,1,GK,ABDULLAH ALMUAIOUF,1/23/1987,ABDULLAH,Al Hilal SFC (KSA),178,98,Saudi Arabia1GK31800
Senegal,5,MF,GUEYE Idrissa Gana,9/26/1989,GANA,Everton FC (ENG),174,64,Senegal5MF32777
Senegal,2,DF,CISS Saliou,6/15/1989,CISS,Valenciennes FC (FRA),173,69,Senegal2DF32674
Senegal,10,FW,MANE Sadio,4/10/1992,MANE,Liverpool FC (ENG),175,69,Senegal10FW33704
Senegal,18,FW,SARR Ismaila,2/25/1998,ISMAÏLA,Stade Rennais FC (FRA),175,70,Senegal18FW35851
Senegal,22,DF,WAGUE Moussa,10/4/1998,M. WAGUE,KAS Eupen (BEL),177,70,Senegal22DF36072
Senegal,12,DF,SABALY Youssouf,3/5/1993,SABALY,FC Girondins Bordeaux (FRA),174,71,Senegal12DF34033
Senegal,17,MF,NDIAYE Pape Alioune,10/27/1990,P.A. NDIAYE,Stoke City FC (ENG),181,74,Senegal17MF33173
Senegal,19,FW,NIANG Mbaye,12/19/1994,NIANG,Torino FC (ITA),184,74,Senegal19FW34687
Senegal,21,DF,GASSAMA Lamine,10/20/1989,GASSAMA,Adanaspor (TUR),181,74,Senegal21DF32801
Senegal,7,FW,SOW Moussa,1/19/1986,SOW,Bursaspor (TUR),180,75,Senegal7FW31431
Senegal,8,MF,KOUYATE Cheikhou,12/21/1989,C. KOUYATE,West Ham United FC (ENG),189,75,Senegal8MF32863
Senegal,20,FW,BALDE Keita,3/8/1995,KEÏTA BALDE,AS Monaco (FRA),181,77,Senegal20FW34766
Senegal,14,FW,KONATE Moussa,4/3/1993,KONATE,Amiens SC (FRA),180,78,Senegal14FW34062
Senegal,1,GK,DIALLO Abdoulaye,3/30/1992,DIALLO,Stade Rennais FC (FRA),189,79,Senegal1GK33693
Senegal,15,FW,SAKHO Diafra,12/24/1989,SAKHO,Stade Rennais FC (FRA),184,79,Senegal15FW32866
Senegal,13,MF,NDIAYE Alfred,3/6/1990,A. NDIAYE,Wolverhampton Wanderers FC (ENG),186,80,Senegal13MF32938
Senegal,16,GK,NDIAYE Khadim,4/5/1985,KH. NDIAYE,Horoya AC (GUI),185,80,Senegal16GK31142
Senegal,23,GK,GOMIS Alfred,9/5/1993,GOMIS,SPAL Ferrara (ITA),196,80,Senegal23GK34217
Senegal,9,FW,DIOUF Mame,12/16/1987,M. DIOUF,Stoke City FC (ENG),185,81,Senegal9FW32127
Senegal,6,MF,SANE Salif,8/25/1990,S. SANE,Hannover 96 (GER),196,84,Senegal6MF33110
Senegal,4,DF,MBODJI Kara,11/22/1989,KARA,RSC Anderlecht (BEL),192,85,Senegal4DF32834
Senegal,3,DF,KOULIBALY Kalidou,6/20/1991,KOULIBALY,SSC Napoli (ITA),195,89,Senegal3DF33409
Senegal,11,MF,NDOYE Cheikh,3/29/1986,CH. NDOYE,Birmingham City FC (ENG),192,90,Senegal11MF31500
Serbia,7,MF,ZIVKOVIC Andrija,7/11/1996,ŽIVKOVI?,SL Benfica (POR),169,68,Serbia7MF35257
Serbia,14,DF,RODIC Milan,4/2/1991,RODI?,FK Crvena Zvezda (SRB),185,69,Serbia14DF33330
Serbia,2,DF,RUKAVINA Antonio,1/26/1984,RUKAVINA,Villarreal CF (ESP),177,71,Serbia2DF30707
Serbia,22,MF,LJAJIC Adem,9/29/1991,LJAJI?,Torino FC (ITA),182,74,Serbia22MF33510
Serbia,19,FW,JOVIC Luka,12/23/1997,JOVI?,Eintracht Frankfurt (GER),181,75,Serbia19FW35787
Serbia,10,MF,TADIC Dusan,11/20/1988,TADI?,Southampton FC (ENG),181,76,Serbia10MF32467
Serbia,18,FW,RADONJIC Nemanja,2/15/1996,RADONJI?,FK Crvena Zvezda (SRB),185,76,Serbia18FW35110
Serbia,20,MF,MILINKOVIC-SAVIC Sergej,2/27/1995,SERGEJ,SS Lazio (ITA),192,76,Serbia20MF34757
Serbia,13,DF,VELJKOVIC Milos,9/26/1995,VELJKOVI?,SV Werder Bremen (GER),188,77,Serbia13DF34968
Serbia,3,DF,TOSIC Dusko,1/19/1985,TOŠI?,Besiktas JK (TUR),185,79,Serbia3DF31066
Serbia,4,MF,MILIVOJEVIC Luka,4/7/1991,MILIVOJEVI?,Crystal Palace FC (ENG),186,80,Serbia4MF33335
Serbia,5,DF,SPAJIC Uros,2/13/1993,SPAJI?,RSC Anderlecht (BEL),188,82,Serbia5DF34013
Serbia,9,FW,MITROVIC Aleksandar,9/16/1994,MITROVI?,Fulham FC (ENG),189,82,Serbia9FW34593
Serbia,16,MF,GRUJIC Marko,4/13/1996,GRUJI?,Cardiff City FC (WAL),190,82,Serbia16MF35168
Serbia,17,MF,KOSTIC Filip,11/1/1992,KOSTI?,Hamburger SV (GER),184,82,Serbia17MF33909
Serbia,11,DF,KOLAROV Aleksandar,11/10/1985,KOLAROV,AS Roma (ITA),187,83,Serbia11DF31361
Serbia,12,GK,RAJKOVIC Predrag,10/31/1995,RAJKOVI?,Maccabi Tel-Aviv FC (ISR),191,85,Serbia12GK35003
Serbia,21,MF,MATIC Nemanja,8/1/1988,MATI?,Manchester United FC (ENG),194,86,Serbia21MF32356
Serbia,8,FW,PRIJOVIC Aleksandar,4/21/1990,PRIJOVI?,PAOK FC (GRE),191,88,Serbia8FW32984
Serbia,6,DF,IVANOVIC Branislav,2/22/1984,IVANOVI?,FC Zenit St. Petersburg (RUS),185,89,Serbia6DF30734
Serbia,15,DF,MILENKOVIC Nikola,10/12/1997,MILENKOVI?,ACF Fiorentina (ITA),195,90,Serbia15DF35715
Serbia,23,GK,DMITROVIC Marko,1/24/1992,DMITROVI?,SD Eibar (ESP),194,90,Serbia23GK33627
Serbia,1,GK,STOJKOVIC Vladimir,7/28/1983,STOJKOVI?,FK Partizan (SRB),195,92,Serbia1GK30525
Spain,12,DF,ODRIOZOLA Alvaro,12/14/1995,ODRIOZOLA,Real Sociedad (ESP),178,67,Spain12DF35047
Spain,17,FW,ASPAS Iago,8/1/1987,IAGO ASPAS,Celta Vigo (ESP),176,67,Spain17FW31990
Spain,21,FW,SILVA David,1/8/1986,SILVA,Manchester City FC (ENG),170,67,Spain21FW31420
Spain,6,MF,INIESTA Andres,5/11/1984,A. INIESTA,FC Barcelona (ESP),171,68,Spain6MF30813
Spain,18,DF,ALBA Jordi,3/21/1989,JORDI ALBA,FC Barcelona (ESP),170,68,Spain18DF32588
Spain,10,MF,THIAGO,4/11/1991,THIAGO,FC Bayern München (GER),174,70,Spain10MF33339
Spain,11,FW,VAZQUEZ Lucas,7/1/1991,LUCAS V.,Real Madrid CF (ESP),173,70,Spain11FW33420
Spain,1,GK,DE GEA David,11/7/1990,DE GEA,Manchester United FC (ENG),190,71,Spain1GK33184
Spain,9,FW,RODRIGO,3/6/1991,RODRIGO M.,Valencia CF (ESP),182,72,Spain9FW33303
Spain,16,DF,MONREAL Nacho,2/26/1986,MONREAL,Arsenal FC (ENG),179,72,Spain16DF31469
Spain,2,DF,CARVAJAL Dani,1/11/1992,CARVAJAL,Real Madrid CF (ESP),173,73,Spain2DF33614
Spain,8,MF,KOKE,1/8/1992,KOKE,Atletico Madrid (ESP),176,73,Spain8MF33611
Spain,22,MF,ISCO,4/21/1992,ISCO,Real Madrid CF (ESP),176,74,Spain22MF33715
Spain,15,DF,RAMOS Sergio,3/30/1986,RAMOS,Real Madrid CF (ESP),183,75,Spain15DF31501
Spain,7,MF,SAUL,11/21/1994,SAÚL,Atletico Madrid (ESP),183,76,Spain7MF34659
Spain,20,MF,ASENSIO Marco,1/21/1996,ASENSIO,Real Madrid CF (ESP),182,76,Spain20MF35085
Spain,4,DF,NACHO,1/18/1990,NACHO,Real Madrid CF (ESP),179,77,Spain4DF32891
Spain,5,MF,BUSQUETS Sergio,7/16/1988,SERGIO,FC Barcelona (ESP),189,78,Spain5MF32340
Spain,14,DF,AZPILICUETA Cesar,8/28/1989,AZPILICUETA,Chelsea FC (ENG),178,78,Spain14DF32748
Spain,13,GK,ARRIZABALAGA Kepa,10/3/1994,ARRIZABALAGA,Athletic Bilbao (ESP),189,84,Spain13GK34610
Spain,3,DF,PIQUE Gerard,2/2/1987,PIQUÉ,FC Barcelona (ESP),194,85,Spain3DF31810
Spain,19,FW,COSTA Diego,10/7/1988,DIEGO COSTA,Atletico Madrid (ESP),185,86,Spain19FW32423
Spain,23,GK,REINA Pepe,8/31/1982,REINA,SSC Napoli (ITA),188,92,Spain23GK30194
Sweden,21,MF,DURMAZ Jimmy,3/22/1989,DURMAZ,Toulouse FC (FRA),180,69,Sweden21MF32589
Sweden,7,MF,LARSSON Sebastian,6/6/1985,LARSSON,Hull City FC (ENG),178,70,Sweden7MF31204
Sweden,16,DF,KRAFTH Emil,8/2/1994,KRAFTH,Bologna FC (ITA),181,72,Sweden16DF34548
Sweden,15,MF,HILJEMARK Oscar,6/28/1992,HILJEMARK,Genoa CFC (ITA),184,73,Sweden15MF33783
Sweden,8,MF,EKDAL Albin,7/28/1989,EKDAL,Hamburger SV (GER),186,75,Sweden8MF32717
Sweden,6,DF,AUGUSTINSSON Ludwig,4/21/1994,AUGUSTINSSON,SV Werder Bremen (GER),181,76,Sweden6DF34445
Sweden,9,FW,BERG Marcus,8/17/1986,BERG,Al Ain FC (UAE),183,76,Sweden9FW31641
Sweden,19,MF,ROHDEN Marcus,5/11/1991,ROHDÉN,FC Crotone (ITA),182,76,Sweden19MF33369
Sweden,2,DF,LUSTIG Mikael,12/13/1986,LUSTIG,Celtic FC (SCO),189,77,Sweden2DF31759
Sweden,13,MF,SVENSSON Gustav,2/7/1987,SVENSSON,Seattle Sounders FC (USA),183,77,Sweden13MF31815
Sweden,10,MF,FORSBERG Emil,10/23/1991,FORSBERG,RB Leipzig (GER),179,78,Sweden10MF33534
Sweden,20,FW,TOIVONEN Ola,7/3/1986,TOIVONEN,Toulouse FC (FRA),192,78,Sweden20FW31596
Sweden,11,FW,GUIDETTI John,4/15/1992,GUIDETTI,Deportivo Alavés (ESP),185,79,Sweden11FW33709
Sweden,17,MF,CLAESSON Viktor,1/2/1992,CLAESSON,FC Krasnodar (RUS),183,79,Sweden17MF33605
Sweden,3,DF,LINDELOF Victor,7/17/1994,LINDELÖF,Manchester United FC (ENG),187,81,Sweden3DF34532
Sweden,5,DF,OLSSON Martin,5/17/1988,OLSSON,Swansea City AFC (WAL),177,81,Sweden5DF32280
Sweden,12,GK,JOHNSSON Karl-Johan,1/28/1990,JOHNSSON,EA Guingamp (FRA),187,83,Sweden12GK32901
Sweden,14,DF,HELANDER Filip,4/22/1993,HELANDER,Bologna FC (ITA),192,83,Sweden14DF34081
Sweden,22,FW,THELIN Isaac Kiese,6/24/1992,KIESE THELIN,KV Waasland-Beveren (BEL),189,83,Sweden22FW33779
Sweden,4,DF,GRANQVIST Andreas,4/16/1985,GRANQVIST,FC Krasnodar (RUS),192,84,Sweden4DF31153
Sweden,23,GK,NORDFELDT Kristoffer,6/23/1989,NORDFELDT,Swansea City AFC (WAL),190,85,Sweden23GK32682
Sweden,1,GK,OLSEN Robin,1/8/1990,OLSEN,FC Kobenhavn (DEN),198,89,Sweden1GK32881
Sweden,18,DF,JANSSON Pontus,2/13/1991,JANSSON,Leeds United FC (ENG),194,89,Sweden18DF33282
Switzerland,16,MF,FERNANDES Gelson,9/2/1986,G. FERNANDES,Eintracht Frankfurt (GER),180,72,Switzerland16MF31657
Switzerland,8,MF,FREULER Remo,4/15/1992,FREULER,Atalanta Bergamo (ITA),181,75,Switzerland8MF33709
Switzerland,18,FW,GAVRANOVIC Mario,11/24/1989,GAVRANOVIC,GNK Dinamo Zagreb (CRO),175,75,Switzerland18FW32836
Switzerland,3,DF,MOUBANDJE Francois,6/21/1990,MOUBANDJE,Toulouse FC (FRA),180,76,Switzerland3DF33045
Switzerland,2,DF,LICHTSTEINER Stephan,1/16/1984,LICHTSTEINER,Juventus FC (ITA),181,77,Switzerland2DF30697
Switzerland,4,DF,ELVEDI Nico,9/30/1996,ELVEDI,VfL Borussia Mönchengladbach (GER),187,77,Switzerland4DF35338
Switzerland,15,MF,DZEMAILI Blerim,4/12/1986,DZEMAILI,Bologna FC (ITA),180,77,Switzerland15MF31514
Switzerland,17,MF,ZAKARIA Denis,11/20/1996,ZAKARIA,VfL Borussia Mönchengladbach (GER),189,77,Switzerland17MF35389
Switzerland,6,DF,LANG Michael,2/8/1991,LANG,FC Basel (SUI),185,78,Switzerland6DF33277
Switzerland,11,MF,BEHRAMI Valon,4/19/1985,BEHRAMI,Udinese Calcio (ITA),184,78,Switzerland11MF31156
Switzerland,19,FW,DRMIC Josip,8/8/1992,DRMIC,VfL Borussia Mönchengladbach (GER),184,78,Switzerland19FW33824
Switzerland,23,MF,SHAQIRI Xherdan,10/10/1991,SHAQIRI,Stoke City FC (ENG),165,78,Switzerland23MF33521
Switzerland,13,DF,RODRIGUEZ Ricardo,8/25/1992,RODRIGUEZ,AC Milan (ITA),180,79,Switzerland13DF33841
Switzerland,14,MF,ZUBER Steven,8/17/1991,ZUBER,TSG 1899 Hoffenheim (GER),182,79,Switzerland14MF33467
Switzerland,1,GK,SOMMER Yann,12/17/1988,SOMMER,VfL Borussia Mönchengladbach (GER),183,81,Switzerland1GK32494
Switzerland,10,MF,XHAKA Granit,9/27/1992,XHAKA,Arsenal FC (ENG),183,82,Switzerland10MF33874
Switzerland,21,GK,BUERKI Roman,11/14/1990,BÜRKI,Borussia Dortmund (GER),188,83,Switzerland21GK33191
Switzerland,22,DF,SCHAER Fabian,12/20/1991,SCHÄR,Deportivo La Coruña (ESP),186,83,Switzerland22DF33592
Switzerland,12,GK,MVOGO Yvon,6/6/1994,MVOGO,RB Leipzig (GER),186,84,Switzerland12GK34491
Switzerland,5,DF,AKANJI Manuel,7/19/1995,AKANJI,Borussia Dortmund (GER),186,85,Switzerland5DF34899
Switzerland,7,FW,EMBOLO Breel,2/14/1997,EMBOLO,FC Schalke 04 (GER),184,86,Switzerland7FW35475
Switzerland,9,FW,SEFEROVIC Haris,2/22/1992,SEFEROVIC,SL Benfica (POR),186,88,Switzerland9FW33656
Switzerland,20,DF,DJOUROU Johan,1/18/1987,DJOUROU,Antalyaspor AS (TUR),192,90,Switzerland20DF31795
Tunisia,23,FW,SLITI Naim,7/27/1992,SLITI,Dijon FCO (FRA),173,65,Tunisia23FW33812
Tunisia,17,MF,SKHIRI Ellyes,5/10/1995,SKHIRI JORIS,Montpellier HSC (FRA),185,69,Tunisia17MF34829
Tunisia,4,DF,MERIAH Yassine,7/2/1993,MERIAH,CS Sfaxien (TUN),183,70,Tunisia4DF34152
Tunisia,9,MF,BADRI Anice,9/18/1990,BADRI,ES Tunis (TUN),178,70,Tunisia9MF33134
Tunisia,20,FW,CHAALELI Ghaylen,2/28/1994,CHAALELI,ES Tunis (TUN),179,70,Tunisia20FW34393
Tunisia,22,GK,HASSEN Mouez,3/5/1995,HASSEN,LB Chateauroux (FRA),186,70,Tunisia22GK34763
Tunisia,18,FW,SRARFI Bassem,6/25/1997,SRARFI,OGC Nice (FRA),176,71,Tunisia18FW35606
Tunisia,12,DF,MAALOUL Ali,1/1/1990,MAALOUL,Al Ahly SC (EGY),170,72,Tunisia12DF32874
Tunisia,19,FW,KHALIFA Saber,10/14/1986,KHALIFA,Club Africain (TUN),185,72,Tunisia19FW31699
Tunisia,3,DF,BEN ALOUANE Yohan,3/28/1987,BEN ALOUANE,Leicester City FC (ENG),185,75,Tunisia3DF31864
Tunisia,11,DF,BRONN Dylan,6/19/1995,BRONN,KAA Gent (BEL),186,75,Tunisia11DF34869
Tunisia,14,MF,BEN AMOR Mohamed,5/3/1992,BEN AMOR,Al Ahli SC (KSA),180,75,Tunisia14MF33727
Tunisia,15,FW,KHALIL Ahmed,12/21/1994,KHALIL,Club Africain (TUN),187,75,Tunisia15FW34689
Tunisia,21,DF,NAGUEZ Hamdi,10/28/1992,NAGUEZ,Zamalek (EGY),186,75,Tunisia21DF33905
Tunisia,5,DF,HADDADI Oussama,1/28/1992,HADDADI,Dijon FCO (FRA),185,76,Tunisia5DF33631
Tunisia,7,FW,KHAOUI Saifeddine,4/27/1995,KHAOUI,ES Troyes (FRA),180,76,Tunisia7FW34816
Tunisia,10,FW,KHAZRI Wahbi,2/8/1991,KHAZRI,Stade Rennais FC (FRA),182,76,Tunisia10FW33277
Tunisia,6,DF,BEDOUI Rami,1/19/1990,BEDOUI,Étoile du Sahel (TUN),187,77,Tunisia6DF32892
Tunisia,8,FW,BEN YOUSSEF Fakhreddine,6/23/1991,BEN YOUSSEF .F,Al Ittifaq FC (KSA),189,80,Tunisia8FW33412
Tunisia,13,MF,SASSI Ferjani,3/18/1992,SASSI,Al Nassr FC (KSA),186,80,Tunisia13MF33681
Tunisia,16,GK,MATHLOUTHI Aymen,9/14/1984,MATHLOUTHI .A,Al Batin FC (KSA),182,84,Tunisia16GK30939
Tunisia,1,GK,BEN MUSTAPHA Farouk,7/1/1989,BEN MUSTAPHA,Al Shabab FC (KSA),192,85,Tunisia1GK32690
Tunisia,2,DF,BEN YOUSSEF Syam,3/31/1989,BEN YOUSSEF .S,Kasimpasa SK (TUR),189,87,Tunisia2DF32598
Uruguay,8,MF,NANDEZ Nahitan,12/28/1995,NANDEZ,CA Boca Juniors (ARG),171,61,Uruguay8MF35061
Uruguay,14,MF,TORREIRA Lucas,2/11/1996,TORREIRA,UC Sampdoria (ITA),168,61,Uruguay14MF35106
Uruguay,10,FW,DE ARRASCAETA Giorgian,6/1/1994,DE ARRASCAETA,Cruzeiro EC (BRA),172,64,Uruguay10FW34486
Uruguay,17,MF,LAXALT Diego,2/7/1993,LAXALT,Genoa CFC (ITA),178,66,Uruguay17MF34007
Uruguay,20,FW,URRETAVISCAYA Jonathan,3/19/1990,URRETAVISCAYA,CF Monterrey (MEX),172,66,Uruguay20FW32951
Uruguay,4,DF,VARELA Guillermo,3/24/1993,VARELA,CA Penarol (URU),173,70,Uruguay4DF34052
Uruguay,3,DF,GODIN Diego,2/16/1986,GODIN,Atletico Madrid (ESP),185,73,Uruguay3DF31459
Uruguay,6,MF,BENTANCUR Rodrigo,6/25/1997,BENTANCUR,Juventus FC (ITA),187,73,Uruguay6MF35606
Uruguay,16,DF,PEREIRA Maximiliano,6/8/1984,M. PEREIRA,FC Porto (POR),173,73,Uruguay16DF30841
Uruguay,1,GK,MUSLERA Fernando,6/16/1986,MUSLERA,Galatasaray SK (TUR),190,74,Uruguay1GK31579
Uruguay,5,MF,SANCHEZ Carlos,12/2/1984,SANCHEZ,CF Monterrey (MEX),171,74,Uruguay5MF31018
Uruguay,13,DF,SILVA Gaston,3/5/1994,G. SILVA,CA Independiente (ARG),185,74,Uruguay13DF34398
Uruguay,22,DF,CACERES Martin,4/7/1987,CACERES,SS Lazio (ITA),178,75,Uruguay22DF31874
Uruguay,2,DF,GIMENEZ Jose,1/20/1995,J.M. GIMENEZ,Atletico Madrid (ESP),185,77,Uruguay2DF34719
Uruguay,11,FW,STUANI Cristhian,10/12/1986,STUANI,Girona FC (ESP),186,78,Uruguay11FW31697
Uruguay,21,FW,CAVANI Edinson,2/14/1987,CAVANI,Paris Saint-Germain FC (FRA),188,78,Uruguay21FW31822
Uruguay,7,MF,RODRIGUEZ Cristian,9/30/1985,C. RODRIGUEZ,CA Penarol (URU),178,79,Uruguay7MF31320
Uruguay,12,GK,CAMPANA Martin,5/29/1989,CAMPAÑA,CA Independiente (ARG),184,79,Uruguay12GK32657
Uruguay,15,MF,VECINO Matias,8/24/1991,VECINO,FC Internazionale (ITA),189,80,Uruguay15MF33474
Uruguay,23,GK,SILVA Martin,3/25/1983,M. SILVA,CR Vasco da Gama (BRA),187,82,Uruguay23GK30400
Uruguay,9,FW,SUAREZ Luis,1/24/1987,SUAREZ,FC Barcelona (ESP),182,85,Uruguay9FW31801
Uruguay,18,FW,GOMEZ Maximiliano,8/14/1996,M. GOMEZ,Celta Vigo (ESP),186,85,Uruguay18FW35291
Uruguay,19,DF,COATES Sebastian,10/7/1990,COATES,Sporting CP (POR),196,89,Uruguay19DF33153
